time,open,high,low,close,Volume
1764630000,7001.25,7002.75,6993.25,6997.75,21899
1764637200,6997.5,7004.75,6994.25,7000.5,18943
1764644400,7000.25,7001,6986.5,6992.25,18618
1764651600,6992.25,6995.5,6985.5,6992,12929
1764658800,6992.25,7002,6983.5,7001,20758
1764666000,7000.75,7018,7000.25,7016.5,25146
1764673200,7016.25,7020.25,7008.5,7016.75,25626
1764680400,7016.5,7025.75,7011,7019.25,170020
1764687600,7019.5,7034.75,6989,7001.5,498052
1764694800,7001.75,7024.5,6995.25,7007,258535
1764702000,7006.75,7024.75,7003.5,7010.5,174922
1764709200,7010.5,7014.25,7009.25,7014,13894
1764716400,7013.75,7022.5,7008.5,7019.5,23450
1764723600,7019.75,7027,7018.75,7023.25,14077
1764730800,7023.25,7028.5,7021,7025.5,8205
1764738000,7025.5,7029,7020.5,7024.25,9977
1764745200,7024.5,7028.25,7017,7026.5,14354
1764752400,7026.5,7027,7017.5,7021.25,16506
1764759600,7021,7031.5,7018,7029.25,22491
1764766800,7029.25,7033.75,6988.75,7004,302158
1764774000,7004,7030.75,7002.5,7017,376037
1764781200,7017.25,7040.5,7016,7034.25,182646
1764788400,7034.25,7044.5,7030.5,7033.75,124591
1764795600,7033.75,7036.5,7032.75,7036,18277
1764802800,7037,7038,7029,7030.5,15868
1764810000,7030.75,7036.75,7028.25,7034.5,13345
1764817200,7034.5,7035,7028,7034,10177
1764824400,7034,7037.5,7032,7036.5,7182
1764831600,7036.5,7039.75,7025.5,7030.25,16500
1764838800,7030.25,7041.25,7027,7033.75,16855
1764846000,7034,7042.5,7031.5,7039.5,18055
1764853200,7039.5,7052,7021.5,7024.5,215223
1764860400,7024.75,7040,7015.75,7038.5,352696
1764867600,7038.25,7042.25,7027.75,7035.5,178329
1764874800,7035.5,7040.25,7007.5,7038.75,288488
1764882000,7038.5,7039.75,7035,7037,19347
1764889200,7037,7042.5,7032.5,7042,16521
1764896400,7042.25,7052.25,7041.25,7047.5,15647
1764903600,7047.25,7052,7046,7051.25,9757
1764910800,7051,7055,7050.25,7052,8379
1764918000,7052,7057.75,7049.75,7049.75,14891
1764925200,7049.75,7052.75,7047.75,7049,9266
1764932400,7049,7053.5,7047.25,7050.75,14586
1764939600,7050.5,7062.5,7027.75,7061,203328
1764946800,7061,7076.25,7042.25,7052.25,429166
1764954000,7052,7061.75,7037.5,7053.75,230158
1764961200,7054,7056.25,7038,7048,190053
1764968400,7047.75,7053,7047.5,7050.75,20522
1765148400,7054,7057.5,7044,7052.25,26464
1765155600,7052.25,7058.75,7051,7058.5,13836
1765162800,7058.75,7062.75,7057.5,7062,7984
1765170000,7062,7063.75,7059,7059.5,7639
1765177200,7059.25,7065.25,7054.5,7055.75,14476
1765184400,7055.75,7061,7053.5,7058.5,11749
1765191600,7058.25,7061,7052,7058.75,14868
1765198800,7059,7064.5,7040.5,7045.25,113428
1765206000,7045.25,7048.75,7019.75,7024.5,237486
1765213200,7024.5,7035,7006.5,7012,238273
1765220400,7012.25,7029,7007.5,7027.75,164697
1765227600,7027.75,7035.75,7024.25,7035.5,34855
1765234800,7036.25,7040,7031.25,7038,19646
1765242000,7038,7039.25,7030.25,7033.75,16271
1765249200,7033.5,7034.75,7031.5,7032.5,6208
1765256400,7032.5,7034.25,7026.25,7033.5,9176
1765263600,7033.25,7039.5,7032.25,7035,11523
1765270800,7035,7035,7016,7032.25,33277
1765278000,7032,7033.75,7023.75,7030,22170
1765285200,7030,7035.75,7016,7034,143995
1765292400,7034.75,7044.25,7025.75,7039.75,276706
1765299600,7039.75,7043.75,7023.75,7030.75,191673
1765306800,7030.75,7031.5,7015.75,7020.5,166854
1765314000,7020.5,7021,7015,7017.75,21007
1765321200,7017.75,7022.25,7014.5,7014.75,13011
1765328400,7014.5,7020,7013.5,7018.75,10960
1765335600,7018.5,7025.5,7016,7022.75,8650
1765342800,7022.5,7024.5,7017,7023,7547
1765350000,7022.75,7030.5,7021.25,7026,16963
1765357200,7026,7029,7005.5,7012,29224
1765364400,7012,7021.25,7009.5,7014.25,24406
1765371600,7014.5,7027.5,7002,7020.25,179960
1765378800,7020.25,7028,7003.25,7025,293115
1765386000,7025,7031.5,7013.25,7017.5,130062
1765393200,7017.75,7079.25,7015.75,7063.5,487764
1765400400,7063.5,7067.25,7056.25,7064.5,30544
1765407600,7059.25,7062.5,7043,7045.5,27183
1765414800,7045.5,7046.5,7017.75,7022.75,35326
1765422000,7022.5,7022.75,6988.5,7008.5,66640
1765429200,7008.5,7009.75,6999.5,7008.5,20689
1765436400,7008.5,7014.25,6999.75,7013,38513
1765443600,7013,7029.25,7011.25,7023.75,36233
1765450800,7024,7048,7022.5,7045.5,39858
1765458000,7045.25,7046.5,7010.5,7014,279002
1765465200,7014.25,7058,7009.25,7043,427803
1765472400,7043,7074.5,7041.75,7067.75,203613
1765479600,7067.75,7080.5,7066.25,7079.25,150356
1765486800,7079.25,7100.25,7078.25,7095.75,41681
1765494000,7086.25,7087,7069.75,7072.25,36006
1765501200,7072.25,7083,7072,7081,18469
1765508400,7080.75,7082,7074.5,7076,12717
1765515600,7075.75,7084.5,7075.5,7079,13123
1765522800,7078.75,7083.75,7075,7081,19563
1765530000,7080.75,7081.75,7063.25,7069.25,41309
1765537200,7069.25,7072.75,7060.75,7068,43789
1765544400,7068.25,7080.25,7057,7060.25,239266
1765551600,7060.25,7061,6976.25,6990.75,710381
1765558800,6990.5,7028.25,6988,7010.5,314217
1765566000,7010.75,7011.75,6985.75,7002.25,255000
1765573200,7002.5,7008.5,7001,7004.75,28533
1765753200,7004,7015,6989.75,7013.5,20702
1765760400,7013.75,7022,7010,7017.25,13017
1765767600,7017.5,7022.25,7013.25,7021.25,7078
1765774800,7021,7023,7016.25,7021,5918
1765782000,7020.75,7028,7013.25,7025.75,12973
1765789200,7025.5,7036.25,7023.25,7035.5,13963
1765796400,7035.5,7037.75,7029.75,7035.5,13862
1765803600,7035.5,7043.75,7008,7009.5,78276
1765810800,7009.25,7015.25,6977.25,6993.25,189991
1765818000,6993.25,6999.25,6978.75,6994.75,87326
1765825200,6994.75,7002.5,6989,6992,70037
1765832400,6992,6997,6990.5,6995,7967
1765839600,6998,6999.25,6976.5,6979.75,26102
1765846800,6979.75,6983.5,6952,6960,47540
1765854000,6960,6967,6952.5,6964.5,19624
1765861200,6964.25,6965,6950.75,6956.25,16374
1765868400,6956.5,6971.25,6946.25,6970.5,29510
1765875600,6970.5,6983.5,6960.25,6978,27571
1765882800,6977.75,6993.25,6976,6988.25,29023
1765890000,6987.75,7005,6959,6991.25,277019
1765897200,6991,6994,6946,6964.75,458450
1765904400,6965,6971.5,6930.75,6959.75,279722
1765911600,6960,6986.75,6939.25,6969,254379
1765918800,6969,6971,6958.25,6961.75,27768
1765926000,6964.75,6968.5,6948.5,6956.75,39339
1765933200,6957,6970.5,6957,6968.5,25853
1765940400,6968.25,6970.75,6959,6960,14127
1765947600,6960.25,6977.5,6956,6973.25,16761
1765954800,6973.25,6982.75,6971,6978.25,28132
1765962000,6978.25,6995.75,6975.75,6994.25,25785
1765969200,6994,6996.25,6989.75,6992,21763
1765976400,6992,6994.25,6954.75,6971.25,251433
1765983600,6971.25,6975.75,6908,6919.5,497482
1765990800,6919.75,6928.25,6897.25,6902,244589
1765998000,6902,6910.25,6889,6890.25,189726
1766005200,6890.25,6908.5,6890.25,6900,39120
1766012400,6903.25,6906.75,6889.5,6905.5,36773
1766019600,6905.5,6908.5,6896.5,6899.25,24959
1766026800,6899,6902.5,6884.75,6902,20502
1766034000,6902,6902.75,6894,6899.5,11827
1766041200,6899.5,6914.5,6899.25,6912,25692
1766048400,6911.75,6921.75,6908.25,6918.75,20590
1766055600,6918.75,6925.75,6917,6918.5,22111
1766062800,6918.5,6963.75,6914.25,6958,314372
1766070000,6958,6985.75,6938.25,6973.25,381942
1766077200,6973.25,6974.25,6925.25,6959.25,422945
1766084400,6959,6963.5,6929.75,6942,321882
1766091600,6942,6943.25,6933.25,6936.5,26115
1766098800,6938.5,6944.75,6933,6941.75,23539
1766106000,6941.75,6947,6935.5,6939.5,17379
1766113200,6939.5,6950.5,6935.75,6947.5,16289
1766120400,6947.25,6948,6934,6940.75,13090
1766127600,6941,6964.75,6940.75,6961.75,26043
1766134800,6961.5,6967.75,6958,6960.5,19238
1766142000,6960,6961.5,6942.5,6943.75,32707
1766149200,6943.75,6995,6942.25,6994.25,206207
1766156400,6993.5,7002,6980.25,6993.25,258159
1766163600,6993,7007.25,6992.5,6998.5,110126
1766170800,6998.25,7006.25,6992.75,7002.25,124709
1766178000,7002,7008.75,6999.75,7006.75,25439
1766358000,7019.25,7023.25,7013.75,7014.25,23412
1766365200,7014.25,7022.75,7014.25,7021.5,12610
1766372400,7021.75,7022.75,7017,7018.25,7914
1766379600,7017.75,7021.5,7014.75,7020.25,6868
1766386800,7020.25,7026.75,7018.5,7019.25,12492
1766394000,7019,7025.75,7018.75,7024.5,8303
1766401200,7024.5,7029,7022.75,7028.25,14882
1766408400,7028.25,7041.25,7025.25,7035.5,163181
1766415600,7035.75,7046,7022,7045.5,252038
1766422800,7045.75,7050,7039,7040.75,111141
1766430000,7040.75,7047.25,7037.75,7043.25,120750
1766437200,7043.25,7046,7042.25,7044.25,16153
1766444400,7044.5,7047,7043,7046,9720
1766451600,7046,7049.25,7041.75,7046.5,10115
1766458800,7046.5,7047.75,7038.75,7039.75,7498
1766466000,7039.5,7041,7035.75,7037.75,8729
1766473200,7038,7046,7036.5,7042.75,9435
1766480400,7042.75,7050.25,7042.5,7046.5,11271
1766487600,7046.5,7047,7037.5,7041.75,12741
1766494800,7041.5,7057,7026.75,7048.75,161577
1766502000,7048.75,7065.25,7037.5,7064,202276
1766509200,7064,7072.75,7061.75,7070.25,77311
1766516400,7070.25,7077.25,7070,7073.75,91738
1766523600,7073.75,7075.5,7070.25,7071,21717
1766530800,7072,7073,7069.25,7071.25,8005
1766538000,7071.5,7073.25,7067.25,7068.25,6587
1766545200,7068.25,7069.75,7066.5,7067.25,3891
1766552400,7067,7069,7066,7068.25,3625
1766559600,7068.5,7069.75,7066,7068.25,3786
1766566800,7068.25,7072.25,7067.5,7070.25,5709
1766574000,7070.5,7074.25,7069,7073.75,5731
1766581200,7073.5,7080.75,7070.25,7079.5,70394
1766588400,7079.25,7099,7078.25,7097.5,121482
1766595600,7097.5,7101.5,7090.5,7093.5,65920
1766703600,7094.5,7108.5,7093.75,7101.25,12618
1766710800,7101.25,7102.5,7094.25,7096.5,7431
1766718000,7096.5,7097.75,7092.25,7094.75,4864
1766725200,7094.75,7095.5,7092,7092.5,3582
1766732400,7092.75,7093.25,7087.5,7091,7164
1766739600,7090.75,7095.5,7090.25,7093.5,6893
1766746800,7093.75,7095.25,7088.5,7093.75,7250
1766754000,7093.75,7107.5,7092.25,7098.25,101021
1766761200,7098.25,7100.25,7086.5,7090.25,174914
1766768400,7090,7093.25,7082.5,7092.5,99523
1766775600,7092.5,7095,7089.75,7093.5,81475
1766782800,7093.75,7094.5,7089.75,7090.5,13321
1766962800,7093.5,7098.5,7090.25,7097.75,17003
1766970000,7097.5,7098.25,7086.25,7088.25,13472
1766977200,7088,7093,7086.25,7090,6870
1766984400,7090,7090.5,7084,7085,9812
1766991600,7085.25,7086.75,7071,7072.25,20191
1766998800,7072.75,7080.25,7072.75,7076,12451
1767006000,7076.25,7080.25,7069.75,7073.25,14704
1767013200,7073.25,7081.25,7055.75,7064.75,167834
1767020400,7064.75,7073.25,7055.25,7059.75,254849
1767027600,7060,7068.25,7049.75,7061.5,109456
1767034800,7061.5,7076,7057.75,7068.75,108401
1767042000,7068.5,7071,7065.5,7069.75,16114
1767049200,7070.5,7071.25,7062.75,7063.25,10408
1767056400,7063.25,7067.5,7061.75,7063.75,6288
1767063600,7063.5,7071,7063.5,7070,5909
1767070800,7070.25,7071,7063.75,7065.5,5050
1767078000,7065.5,7069.25,7057,7068.5,10685
1767085200,7068.25,7070.75,7064.5,7065.25,8379
1767092400,7065,7069.25,7060.5,7065.25,11936
1767099600,7065.25,7074.25,7057.5,7069.75,104821
1767106800,7069.75,7075,7054,7061,197233
1767114000,7061,7067.75,7057,7066,86274
1767121200,7066.25,7068,7055.75,7058.5,91545
1767128400,7058.5,7060.5,7056.25,7058.75,17830
1767135600,7058.5,7061.75,7045.75,7047,18130
1767142800,7047,7051.5,7041.75,7051,16683
1767150000,7050.75,7052.5,7047.5,7048.5,6671
1767157200,7048.5,7049.75,7040.25,7043,8643
1767164400,7042.75,7046.25,7035.75,7037,13255
1767171600,7037,7042,7036.25,7040,9337
1767178800,7040.5,7050.5,7040.25,7049.75,12722
1767186000,7049.75,7065,7038.75,7045.5,120802
1767193200,7045.75,7046.75,7027.25,7039.5,176760
1767200400,7039.5,7047,7032,7044.5,95625
1767207600,7044.75,7048.75,7003.5,7005.25,217939
1767214800,7005.25,7011.25,7005,7007.25,25205
1767308400,7014.5,7018.5,7010.5,7018.25,17240
1767315600,7018.25,7033.5,7018,7032.75,16943
1767322800,7032.5,7038.25,7031.75,7035.75,10097
1767330000,7035.75,7039.25,7033.75,7037,7753
1767337200,7037,7046.25,7034,7044.5,16500
1767344400,7044.5,7052,7044,7049.25,16632
1767351600,7049.5,7051.5,7041.5,7044.75,14726
1767358800,7044.75,7052.75,7025,7046.25,157821
1767366000,7046.25,7053.25,6984.75,6993.75,558259
1767373200,6993.5,7010.75,6980,6987.25,208003
1767380400,6987.25,7022,6985.25,7013.75,228643
1767387600,7014,7019,7011.25,7014.25,23869
1767567600,7024.75,7028,7012.75,7021.5,35370
1767574800,7021.5,7026.25,7019.5,7025,18488
1767582000,7024.75,7026.25,7019.75,7025.25,9249
1767589200,7025.5,7029,7020.25,7028.75,11156
1767596400,7028.75,7034.25,7019.5,7029.75,20396
1767603600,7029.75,7035.5,7025.25,7033.75,16771
1767610800,7033.75,7039.25,7031.25,7034.5,19398
1767618000,7034.5,7061.25,7025.75,7053.25,197773
1767625200,7053.25,7077,7048.5,7071.25,263237
1767632400,7071.5,7073.75,7058.5,7067.75,147211
1767639600,7068,7069.75,7053.5,7059.5,155552
1767646800,7059.75,7060.5,7056,7057.25,17777
1767654000,7058.5,7061.5,7053,7054.75,12512
1767661200,7055,7065,7053.75,7064.75,13309
1767668400,7064.75,7068.25,7063.5,7067.5,7410
1767675600,7067.5,7072.25,7066,7070.75,7343
1767682800,7070.5,7070.75,7044.5,7050.5,23967
1767690000,7050.5,7058,7049.25,7053.75,19235
1767697200,7054,7062.75,7052.5,7061.5,15962
1767704400,7061.25,7083.5,7052.25,7082.5,162868
1767711600,7082.75,7090.75,7063.75,7075.25,263588
1767718800,7075.25,7099.25,7072.5,7099,130879
1767726000,7099,7105.25,7098.25,7099.75,98711
1767733200,7099.75,7102.75,7099.5,7102,18249
1767740400,7102.5,7105.25,7099.75,7102,11618
1767747600,7102.25,7104.5,7099.5,7100.75,7226
1767754800,7100.75,7102.75,7097.5,7098.5,6746
1767762000,7098.5,7100.75,7094.5,7095,7982
1767769200,7094.75,7098.5,7092.25,7092.75,9987
1767776400,7092.5,7094.75,7088.75,7092,14666
1767783600,7092,7098.5,7090.75,7097.25,17644
1767790800,7097,7111.75,7094,7106,135012
1767798000,7106,7116,7089.75,7115.5,306431
1767805200,7115.5,7120.25,7100.5,7108.5,169764
1767812400,7108.75,7109.25,7072.75,7076.25,235370
1767819600,7076.25,7080.75,7071.25,7080.25,25079
1767826800,7080.75,7083.25,7075.75,7081.75,15061
1767834000,7082,7082.25,7068.75,7071.25,13660
1767841200,7071,7072,7066.75,7068,8861
1767848400,7068.25,7069,7048.75,7055,20900
1767855600,7055.25,7071.5,7050.25,7065,30109
1767862800,7065.25,7069,7058,7063.75,14801
1767870000,7063.5,7066.75,7057,7062.75,26382
1767877200,7062.5,7073.25,7053.5,7061.75,219865
1767884400,7061.75,7080.75,7057.5,7079,385839
1767891600,7078.75,7086,7067.25,7068.75,188110
1767898800,7068.5,7080.75,7062.75,7074.25,178994
1767906000,7074.25,7091.25,7074.25,7084.75,25731
1767913200,7086,7087.5,7074.5,7075,14420
1767920400,7075,7078.25,7067.75,7076.25,15628
1767927600,7076.25,7077.25,7071.25,7074.75,5879
1767934800,7075.25,7078.75,7072,7076.75,5866
1767942000,7077,7079,7069.75,7071,12694
1767949200,7071.5,7082.75,7070.25,7080,11504
1767956400,7080,7087,7078.75,7085.5,16075
1767963600,7085.5,7103.25,7081.75,7092.5,219561
1767970800,7093,7119,7069,7117.5,414503
1767978000,7117.25,7127.5,7111.5,7123.5,153804
1767985200,7123.75,7131.25,7116.75,7118.25,129973
1767992400,7118,7119.5,7115.25,7117.75,20111
1768172400,7120.25,7123.5,7088.75,7093,41358
1768179600,7092.75,7093.5,7080.75,7083.5,43863
1768186800,7083.5,7085,7077.5,7080,15099
1768194000,7080,7082.25,7071.75,7078,15673
1768201200,7078,7084.25,7062.75,7066.5,29689
1768208400,7066.75,7075.5,7065,7072,20610
1768215600,7072.25,7084,7071,7082,22961
1768222800,7082.25,7116.25,7078,7113.25,175418
1768230000,7113.5,7126,7106.25,7123.25,219427
1768237200,7123,7131.5,7118,7129.75,91213
1768244400,7129.75,7138.75,7127,7129.5,130245
1768251600,7129.5,7132.25,7123.25,7125,26939
1768258800,7126,7127.75,7115.5,7116,20248
1768266000,7116,7123,7112.25,7120.75,16097
1768273200,7120.5,7123.25,7118.5,7122,6199
1768280400,7122,7127.5,7120,7124.5,7200
1768287600,7124.75,7126.5,7119.25,7122,8659
1768294800,7122.25,7126,7116,7118.75,10507
1768302000,7118.5,7125,7117.25,7120,15579
1768309200,7120.25,7150,7113.5,7119,224204
1768316400,7118.75,7128.75,7096.75,7126,376300
1768323600,7125.75,7128,7100.5,7104.25,227863
1768330800,7104.5,7116.5,7090.25,7114.25,214154
1768338000,7114.5,7117.75,7111.75,7112.5,20243
1768345200,7112.25,7116.25,7109.5,7113,13552
1768352400,7112.75,7114,7104.5,7108.25,11214
1768359600,7108.25,7113.75,7102.5,7104,8224
1768366800,7104,7105,7096.75,7102.75,10789
1768374000,7102.75,7105.75,7099.5,7103,10973
1768381200,7103.25,7107.5,7080.75,7085,28206
1768388400,7085,7094.5,7077,7089.5,34242
1768395600,7089.25,7095.5,7059,7062.25,231886
1768402800,7062.5,7084.25,7036.5,7041.5,478193
1768410000,7041.25,7058.25,7037.25,7056.5,250834
1768417200,7056.75,7083.5,7049,7081.5,284386
1768424400,7081.75,7084.25,7058.5,7073.75,39107
1768431600,7070.75,7074.5,7063,7071.75,21044
1768438800,7071.75,7078.75,7066,7073.75,15538
1768446000,7073.75,7076.75,7069,7070.5,8493
1768453200,7070.5,7091.25,7070.25,7087.25,23795
1768460400,7087.25,7093.25,7082,7091.75,18633
1768467600,7091.5,7106,7090.5,7103,24718
1768474800,7103,7107.25,7100.75,7106.25,22242
1768482000,7106,7124.75,7102.75,7112.25,184086
1768489200,7112.5,7129.75,7105.75,7126.5,326414
1768496400,7126.25,7130.75,7114.75,7123,154353
1768503600,7123,7123,7088.25,7098.25,298329
1768510800,7098.25,7100,7094.5,7097,23373
1768518000,7098.75,7106,7096.75,7105.5,16790
1768525200,7105.5,7111.75,7102,7111,13284
1768532400,7111,7116.75,7110.25,7116.5,9006
1768539600,7116.75,7117.5,7113.5,7117,7327
1768546800,7117.25,7120.25,7110.25,7113.5,13647
1768554000,7113.5,7117.5,7110.75,7115.25,12616
1768561200,7115.25,7117.75,7101,7105.25,29062
1768568400,7105.25,7115.5,7092.25,7092.5,190497
1768575600,7092.5,7108.5,7074,7100.5,434701
1768582800,7100.25,7106.25,7091.5,7100.25,155175
1768590000,7100.25,7111,7088.5,7090,239425
1768597200,7090,7093.75,7087,7091.5,25892
1768777200,7054.5,7054.5,7024.5,7036.75,72169
1768784400,7036.5,7040.75,7027.75,7036,21057
1768791600,7035.75,7036.25,7027.75,7028.5,14677
1768798800,7028.75,7035.5,7026.25,7029.5,12125
1768806000,7029.25,7038,7017.75,7034.25,38421
1768813200,7034.5,7035.5,7003.75,7007,40107
1768820400,7007,7023.25,7004.75,7019,23326
1768827600,7019,7021.5,7000.75,7013.5,55775
1768834800,7013.25,7026,7008.75,7023.75,73766
1768842000,7023.5,7030.5,7021.75,7026.75,18963
1768863600,7027,7030.25,7009.5,7017.5,33100
1768870800,7017.75,7027.25,7017,7025.75,20297
1768878000,7025.5,7026.75,7015,7017,10168
1768885200,7016.75,7022.75,6992,7001.25,33691
1768892400,7001.5,7003,6970.5,6978,52279
1768899600,6978,6982,6960.5,6976.25,52177
1768906800,6976,7000.5,6975.5,6994.25,48483
1768914000,6994.5,7004,6974,6992,259046
1768921200,6991.75,7018.5,6979,7007.5,386089
1768928400,7007.5,7010,6950,6957.25,257582
1768935600,6957,6962.75,6936,6947,254544
1768942800,6947,6954,6942.75,6951,31144
1768950000,6952.5,6958.75,6943,6957.25,25901
1768957200,6957.5,6965,6956.25,6958.5,21146
1768964400,6958.5,6968.25,6958.25,6963,18195
1768971600,6962.75,6969,6960,6961,11757
1768978800,6960.75,6971.25,6960,6966.25,19702
1768986000,6966.25,6968.75,6948.5,6955.75,26058
1768993200,6955.5,6956.25,6928,6939.25,54730
1769000400,6939.25,6996.75,6929.25,6994.75,275719
1769007600,6994.5,7022.25,6969,6970.5,426718
1769014800,6970.5,6985.25,6950.75,6979.75,355090
1769022000,6979.75,7058.75,6968.5,7024.25,487657
1769029200,7024.25,7033,7023.5,7028.75,23292
1769036400,7031.25,7043.25,7031.25,7040.5,24120
1769043600,7040.5,7048.5,7039,7043,14491
1769050800,7043,7047.5,7041,7043,9789
1769058000,7043,7044,7024.5,7035.25,18083
1769065200,7035.5,7065.75,7028.25,7060.5,35246
1769072400,7060.5,7069.75,7059.75,7064.75,22226
1769079600,7064.5,7068.5,7055.25,7061.25,33142
1769086800,7060.75,7077.25,7043.75,7049,222799
1769094000,7049.25,7075.75,7039,7067.75,300408
1769101200,7067.5,7082.25,7064.5,7070.75,156790
1769108400,7070.75,7080,7046,7059.25,203239
1769115600,7059.5,7062,7049.5,7053.75,20923
1769122800,7052.75,7063.5,7047,7063.25,22568
1769130000,7063.25,7070.5,7062.5,7065.5,16369
1769137200,7065.25,7072.5,7065,7071.25,9236
1769144400,7071.75,7077,7070.5,7071,7546
1769151600,7071,7074,7048.75,7051.5,21657
1769158800,7051.75,7056.25,7038.75,7043,26675
1769166000,7043.5,7057.25,7042.5,7053.75,39626
1769173200,7053.75,7056,7038.25,7055.75,156250
1769180400,7055.75,7077.5,7049.5,7065.25,275356
1769187600,7065.25,7071.5,7044.5,7057,214012
1769194800,7057,7069.75,7052.5,7059,181122
1769202000,7059,7059.5,7045.75,7047.5,24406
1769382000,7022.75,7038.5,6993.75,7033.25,67130
1769389200,7033,7047,7030.75,7036.75,32004
1769396400,7036.5,7045.5,7036.5,7040,17982
1769403600,7040.25,7052.5,7038.25,7047.25,16374
1769410800,7047.5,7062.75,7046.75,7061.5,18402
1769418000,7061.5,7063.75,7035.25,7047.75,30889
1769425200,7048,7058.25,7045.75,7054.25,21178
1769432400,7054.25,7093.5,7051,7089.75,149635
1769439600,7089.75,7101.5,7084.5,7098.25,227755
1769446800,7098.25,7108.75,7096.25,7103,118316
1769454000,7103,7107.25,7093,7094,121578
1769461200,7094,7096.5,7089.25,7090.5,26764
1769468400,7090.5,7097.5,7085.75,7096.75,19531
1769475600,7097,7110.75,7095.25,7110.5,14950
1769482800,7110.25,7117,7109.5,7114,11039
1769490000,7114,7120.25,7110.25,7114.25,12293
1769497200,7114.25,7117.5,7107.75,7110.75,17064
1769504400,7110.75,7114,7108.25,7112.5,15500
1769511600,7112.75,7117.25,7108,7110.75,20252
1769518800,7110.5,7121.25,7101.75,7118.75,129630
1769526000,7118.5,7132.25,7111.5,7126.5,182269
1769533200,7126.5,7128.75,7115.5,7126.75,132859
1769540400,7126.75,7130.75,7121,7122.25,98174
1769547600,7122.25,7125.5,7119,7122.75,22633
1769554800,7123,7140,7122.75,7138.25,21550
1769562000,7138.25,7141,7135.75,7139.5,12232
1769569200,7139.25,7141.25,7137.25,7140.5,7568
1769576400,7140.5,7156.75,7140.25,7148.25,26158
1769583600,7148.25,7152.5,7139.5,7141,20168
1769590800,7141,7150,7140,7148.75,15040
1769598000,7149,7149,7135.5,7136.25,31488
1769605200,7136.5,7144.75,7131,7137,123964
1769612400,7137,7139.25,7110.5,7112.75,241393
1769619600,7112.75,7122.5,7110.5,7117.5,114848
1769626800,7115.5,7128.5,7103,7120,179286
1769634000,7120,7136.5,7090.75,7130.25,53330
1769641200,7133.5,7135.25,7099,7112.75,52716
1769648400,7113,7119.75,7100.5,7116.25,23664
1769655600,7116.5,7129.75,7116.5,7128.75,11467
1769662800,7128.75,7137.5,7125.75,7133.25,12757
1769670000,7133.25,7143,7131.25,7138.25,25213
1769677200,7138.25,7142.75,7126.25,7127.25,21386
1769684400,7127.25,7137.5,7123.5,7132.25,31129
1769691600,7132.5,7140.5,7079,7080,207709
1769698800,7080.25,7080.75,7011.5,7051,515751
1769706000,7051,7082.25,7050,7069.75,255159
1769713200,7069.75,7112.5,7066.25,7103.25,191343
1769720400,7103.25,7116,7098.75,7103.5,35944
1769727600,7105,7108.5,7081,7090.25,50729
1769734800,7090.75,7091.25,7056.75,7074.5,43257
1769742000,7074.5,7087,7074.25,7079,22382
1769749200,7079.25,7083.75,7048.5,7051.5,22998
1769756400,7051,7063.25,7039.5,7054.5,37241
1769763600,7055,7058.75,7031,7052,35099
1769770800,7052.5,7089.25,7051.75,7075,48904
1769778000,7074.75,7099,7060.75,7078.75,168537
1769785200,7078.5,7104.25,7064,7068,333410
1769792400,7068.25,7082.5,7032.25,7075.5,296142
1769799600,7075.5,7090.25,7054.25,7081.5,248649
1769806800,7081.25,7087,7071,7074.75,23205
1769986800,7053,7079,7031.25,7072,83418
1769994000,7072.25,7076.5,7018.5,7020,75769
1770001200,7020,7023.5,6986,7010.5,62041
1770008400,7010.5,7011.25,6977.75,6988.75,45232
1770015600,6988.75,7034.5,6988.25,7031,45152
1770022800,7031,7043.25,7020.75,7030.75,34093
1770030000,7030.75,7058.25,7029.25,7050,33680
1770037200,7049.75,7100,7043.25,7087.5,175789
1770044400,7087.5,7120,7084.25,7118.75,249651
1770051600,7118.75,7131,7117.5,7126.5,118755
1770058800,7126.25,7130.25,7111.5,7116.5,162389
1770066000,7116.5,7120.75,7111,7116.5,27937
1770073200,7117.75,7136.75,7116,7132,34159
1770080400,7131.75,7137,7121.5,7126.25,20605
1770087600,7126,7136.5,7124,7135.75,13199
1770094800,7135.75,7138.25,7129.5,7135.25,11494
1770102000,7135,7140.75,7129.5,7131.25,18994
1770109200,7131,7136.75,7123.5,7124.75,18116
1770116400,7124.75,7136.75,7120.5,7133.5,27792
1770123600,7133.5,7135.25,7093.5,7095.5,178543
1770130800,7095.5,7097.5,7062.5,7066.25,429537
1770138000,7066.25,7067.5,7007.75,7008,325584
1770145200,7008,7057.5,6999.75,7054.5,338471
1770152400,7054.25,7059.5,7045.25,7052,36691
1770159600,7049.25,7058,7045,7047.5,27424
1770166800,7047.75,7064.75,7047.75,7056.25,24073
1770174000,7056,7063,7054,7059.25,13697
1770181200,7059.5,7072.5,7055.25,7068.75,12864
1770188400,7068.75,7074.5,7054.5,7060,26068
1770195600,7059.75,7067.75,7046,7063.5,30482
1770202800,7063.75,7079,7060.75,7065.75,30542
1770210000,7065.75,7074,7037.25,7040.75,186412
1770217200,7040.75,7067.75,7002,7024.75,482281
1770224400,7024.5,7030,6976,7005.25,386501
1770231600,7005.25,7046.75,6992.25,7019.75,285060
1770238800,7020.25,7054.75,7004.25,7042.25,39616
1770246000,7030.25,7043.75,7025,7038,32606
1770253200,7038.25,7048.5,7009,7010.25,45714
1770260400,7010.25,7022.75,7001.5,7017.5,37672
1770267600,7017.75,7027.25,7007,7026.5,22858
1770274800,7026.5,7037.25,7014.25,7014.25,30952
1770282000,7014.5,7032.25,7009,7021.5,32206
1770289200,7021.25,7034,6969.75,6984,73050
1770296400,6983.75,6995,6944.75,6963.5,271651
1770303600,6963.5,6972.75,6914.75,6969.75,422222
1770310800,6969.5,6983.75,6934,6940,210596
1770318000,6940.5,6972.5,6918.75,6931.5,212496
1770325200,6931.5,6942,6898.5,6902.25,54461
1770332400,6900.25,6908.25,6865,6896,79282
1770339600,6896,6924.5,6882,6917.75,52217
1770346800,6917.75,6922,6896,6901.25,28583
1770354000,6901.25,6929.75,6895.5,6918.5,23154
1770361200,6918.5,6934.25,6910.25,6929.75,34074
1770368400,6929.75,6963.5,6924.75,6962.75,39695
1770375600,6962.25,6983.5,6959.25,6963.5,42631
1770382800,6963.75,7020.75,6960.25,7003.25,188280
1770390000,7003.5,7035.75,6986.25,7030,324333
1770397200,7030.25,7052.25,7027,7046,132370
1770404400,7046,7079,7043,7062.25,140223
1770411600,7062.25,7065.75,7055.5,7059.75,29232
1770591600,7073.5,7093.25,7071.5,7083.25,44523
1770598800,7083.25,7083.5,7071.25,7075.25,29088
1770606000,7075.25,7077.75,7070,7072.25,14675
1770613200,7072.25,7077.75,7066.5,7068.5,25257
1770620400,7068.5,7079.5,7060.25,7069.75,27068
1770627600,7069.75,7073.5,7034.5,7049.25,38594
1770634800,7049.25,7059.5,7041.75,7059.5,32714
1770642000,7059,7071.25,7037.75,7058.5,166982
1770649200,7058.5,7111,7056.5,7109,223112
1770656400,7109,7111.5,7090.5,7101.75,138879
1770663600,7101.75,7114,7093.5,7093.75,158699
1770670800,7094,7100.25,7093.5,7097.25,18266
1770678000,7097.75,7103,7087.5,7091.5,27874
1770685200,7091.75,7096.75,7086.25,7089.75,19552
1770692400,7090,7097.75,7085.75,7097.25,11124
1770699600,7097.25,7099.75,7088,7091.25,13500
1770706800,7091.5,7101,7090.5,7098.5,16874
1770714000,7098.75,7111,7097.75,7102.75,23597
1770721200,7102.5,7109.75,7091,7091.25,25026
1770728400,7091.5,7117,7084,7111.75,190161
1770735600,7111.75,7119.75,7095,7102,320412
1770742800,7102,7112.25,7082.25,7090.5,200598
1770750000,7090.5,7095.5,7070.5,7074.75,192739
1770757200,7074.75,7084.25,7072.75,7083.75,22824
1770764400,7084.5,7092,7083.25,7091.25,15294
1770771600,7091.25,7097,7091.25,7095.25,12168
1770778800,7095.5,7099.5,7090.75,7093,10286
1770786000,7093,7096.75,7087,7087.5,11252
1770793200,7087.5,7091.25,7077,7086.25,18337
1770800400,7086,7091.5,7066.25,7078,32114
1770807600,7078,7087,7076.5,7081,32463
1770814800,7081,7125,7080,7094.5,252100
1770822000,7094.75,7101,7044.5,7073.75,494783
1770829200,7073.5,7093,7066.75,7080.25,243991
1770836400,7080.25,7092.75,7071,7072.5,182871
1770843600,7072.25,7081.5,7072,7076.5,22970
1770850800,7077,7082,7065.75,7077.25,26374
1770858000,7077.25,7087.75,7073.75,7085.5,18400
1770865200,7085,7096.75,7084,7093.25,14199
1770872400,7093.5,7098,7086,7090,12861
1770879600,7090,7098.25,7088.25,7095,16840
1770886800,7095,7100,7089.75,7093,16812
1770894000,7093,7100.25,7092,7093.75,19102
1770901200,7093.5,7106.25,7075.5,7080.25,207757
1770908400,7080.5,7089.75,6986.75,6998.25,577674
1770915600,6997.75,7007.5,6973.25,6998.75,351255
1770922800,6999,7011.5,6955.25,6964,303247
1770930000,6964.25,6978.5,6960.25,6975.25,37683
1770937200,6979.5,6982.5,6953.75,6958.5,57806
1770944400,6958.25,6976,6958.25,6971.25,30154
1770951600,6971.25,6974.75,6959.25,6962,17204
1770958800,6962.25,6964.5,6937.75,6951.5,31729
1770966000,6951.5,6963.5,6941,6959.25,37165
1770973200,6959.25,6968,6950.5,6951,27637
1770980400,6952,6957,6933,6948.75,59429
1770987600,6948.75,6980.5,6922.75,6947,348004
1770994800,6947,7003.75,6946,6996,414745
1771002000,6996,7011.25,6989,6995,200017
1771009200,6995.25,7002,6946.25,6963.75,263986
1771016400,6963.75,6970.25,6958.75,6959.25,24743
1771196400,6965.5,6978.75,6957.5,6976.75,33103
1771203600,6976.5,6985,6974.5,6976.25,15470
1771210800,6976.5,6979,6971.75,6975.25,11819
1771218000,6975.5,6977.25,6969.75,6976.25,9671
1771225200,6976.25,6993.5,6976,6991.25,20060
1771232400,6991.75,6999,6989.25,6991.25,18762
1771239600,6991.5,6994.25,6985,6989.5,14044
1771246800,6989.75,6991.75,6959.75,6972.25,65812
1771254000,6972.5,6977.25,6954.5,6966,116007
1771261200,6966,6973.25,6962.75,6968.25,17870
1771282800,6969,6983.25,6965.75,6969,42809
1771290000,6969,6975.75,6935.75,6943.75,62865
1771297200,6943.75,6944.25,6927,6935.75,36254
1771304400,6936,6939.5,6923.25,6937.75,28306
1771311600,6937.75,6961.5,6927.5,6946,46691
1771318800,6945.75,6957.25,6937.25,6939.25,31038
1771326000,6939,6952.25,6931.25,6933,42019
1771333200,6933,6975.25,6911.75,6913.25,323304
1771340400,6913.25,6980.25,6904.5,6972.25,553777
1771347600,6972,6995,6938.75,6988.75,325921
1771354800,6988.5,6997.25,6967,6975.75,236573
1771362000,6975.75,6983,6971.25,6975.75,32837
1771369200,6975.75,6978,6962.5,6966,34469
1771376400,6965.75,6975.25,6962.75,6972.5,20091
1771383600,6972.5,6988.5,6968,6988,18295
1771390800,6988,6992,6983.75,6987.5,12751
1771398000,6987.25,7009.25,6983.75,7007.75,33570
1771405200,7007.75,7017.25,7007.25,7011.75,29988
1771412400,7011.75,7013,6988.25,6999.25,47586
1771419600,6999.25,7011.25,6974.75,7009,238499
1771426800,7009,7037.25,7008.25,7022.5,275499
1771434000,7022.75,7039.25,7007.5,7016.75,181631
1771441200,7016.75,7021.25,6985.75,7008.75,286307
1771448400,7008.75,7010.5,7003,7005.5,20901
1771455600,7005.25,7015.75,7000.25,7005.25,28172
1771462800,7005,7015.25,7003.75,7011.5,23156
1771470000,7011.5,7014.75,7006.5,7007,15342
1771477200,7007,7020.25,7003.5,7019.5,19094
1771484400,7019.75,7026,7003.25,7005.25,31672
1771491600,7005.5,7008.75,6979.75,6986.5,54701
1771498800,6986.5,6999.75,6981.5,6993.25,43663
1771506000,6993.25,7004.25,6970.25,6996.25,250848
1771513200,6996,7008,6973,6981,408605
1771520400,6981.25,6994,6961,6983.25,273635
1771527600,6983.25,6992,6964.5,6991.5,200965
1771534800,6991.75,6997,6985,6985.5,29237
1771542000,6987,7001,6984.75,7000,29051
1771549200,7000,7007,6997.25,7001.5,27925
1771556400,7001.25,7004.5,6999.25,7002.5,13048
1771563600,7002.75,7013.5,7002.75,7010.25,16590
1771570800,7010.5,7012.5,7000.75,7009.25,22075
1771578000,7009.25,7018.25,6996.25,6996.5,27846
1771585200,6996.5,6996.5,6974,6983.5,67396
1771592400,6983.25,6997.5,6960.75,6993.25,294252
1771599600,6993.25,7038.5,6985.75,7030,573471
1771606800,7030,7044.5,6984.5,7037.5,454159
1771614000,7037.75,7042.75,7022.25,7038,187138
1771621200,7038.25,7042.75,7035.75,7038.25,27168
1771801200,7031.75,7036.25,6992,6992.5,83289
1771808400,6992.75,6998.75,6983.5,6987.75,57523
1771815600,6988,6991.5,6981.25,6985.25,26039
1771822800,6985,6993.25,6981,6992.75,15805
1771830000,6992.75,7005.5,6992.25,7004.75,27207
1771837200,7004.75,7026,7004.75,7019.75,46366
1771844400,7020,7024.75,7000.25,7003,49500
1771851600,7002.75,7044,6998.75,7008.25,278570
1771858800,7008,7015.75,6946.5,6962.5,573423
1771866000,6962.5,6982.75,6948.5,6963,267057
1771873200,6963,6967.75,6948.25,6967.5,268059
1771880400,6967.5,6972.5,6964.5,6971.25,28257
1771887600,6970,6977.75,6967,6975,45776
1771894800,6974.75,6985.5,6970.25,6983.75,32433
1771902000,6983.75,6986.75,6982.25,6985.5,15206
1771909200,6985.5,6989,6975.25,6980.25,19806
1771916400,6980,6986.5,6964,6969.25,42340
1771923600,6969,6985,6969,6979.5,31283
1771930800,6979.75,6985,6959.25,6963.5,56372
1771938000,6963.75,6997.25,6942,6974.5,311330
1771945200,6974,7011.75,6962.75,7007.5,475424
1771952400,7007.5,7024,7006.5,7017.25,182736
1771959600,7017.25,7026.25,7007.5,7016.5,201336
1771966800,7016.75,7018.5,7012.5,7013.5,23928
1771974000,7013.75,7023.25,7009.25,7021.75,26468
1771981200,7022,7031,7020.5,7030.25,28853
1771988400,7030,7030.5,7006,7019.75,32920
1771995600,7020,7024,7016.25,7019.25,13192
1772002800,7019.25,7027.75,7014.75,7025.75,21227
1772010000,7025.5,7030.75,7022.25,7025.75,19360
1772017200,7025.75,7042,7024.75,7039.75,31924
1772024400,7039.75,7062.5,7035.5,7055.5,225979
1772031600,7055.5,7066.25,7042.5,7062.75,381465
1772038800,7063,7069.5,7060,7067.5,133222
1772046000,7067.25,7079.25,7067.25,7073,140000
1772053200,7073.25,7101.5,7071.75,7088.75,49283
1772060400,7079.75,7082.5,7055.25,7063.5,65261
1772067600,7063.5,7066,7055,7062.75,34584
1772074800,7063,7067.25,7060.75,7061.75,14648
1772082000,7061.75,7067.5,7057.25,7063.25,20948
1772089200,7063.25,7073.75,7063,7066,30029
1772096400,7066.25,7077,7065,7067,23597
1772103600,7067.25,7079,7066,7075.5,27216
1772110800,7075.5,7084,7045.25,7047.75,294676
1772118000,7048,7051.75,6984.25,7003.5,758484
1772125200,7003.25,7023,6988,7015.25,299366
1772132400,7015.25,7039.75,7012.75,7035,238289
1772139600,7034.75,7036.25,7016.25,7017.5,30503
1772146800,7013.75,7014.25,6996.5,7004.5,59878
1772154000,7004.5,7013.25,7001.25,7013.25,31766
1772161200,7013,7015,7007.5,7012.5,17269
1772168400,7012.5,7020.5,7006,7014,21139
1772175600,7014,7024.25,7013.5,7020.75,26476
1772182800,7021,7029.25,7000.5,7008.25,47651
1772190000,7008.25,7010,6987.25,6991.25,73752
1772197200,6991.25,6996,6955,6967.25,370600
1772204400,6967,7001.75,6965,6987.5,495153
1772211600,6987.25,7001.75,6969.25,6978.5,308700
1772218800,6978.25,7007.5,6968.5,7001.75,349614
1772226000,7001.75,7002.5,6986.5,6989,57135
1772406000,6942.5,6951.75,6920.5,6943.75,105431
1772413200,6943,6970.75,6942.5,6953.5,77468
1772420400,6953.75,6958,6941,6944,36901
1772427600,6944,6946.5,6900.25,6912,50951
1772434800,6912,6915.25,6882,6905.75,118350
1772442000,6905.5,6940,6902.75,6932.5,89494
1772449200,6932.5,6944.75,6918.5,6924.5,60256
1772456400,6924.75,6971.5,6915.5,6967.25,271967
1772463600,6967,7008,6957,7000.25,499962
1772470800,7000.5,7012.25,6990,6990.25,184240
1772478000,6990.5,7024.5,6986.25,7000.75,311744
1772485200,7000.75,7001.75,6992,6997.5,31490
1772492400,6995.75,6999.75,6979.5,6980.75,46578
1772499600,6980.75,6989,6953.5,6963.75,70634
1772506800,6964,6969.25,6947.25,6951.25,45968
1772514000,6951.25,6955.25,6937.75,6941.5,51807
1772521200,6941.5,6944.5,6889.25,6891.25,117478
1772528400,6891.25,6907.75,6863.75,6877.75,161437
1772535600,6877.5,6914.75,6856.75,6907,144157
1772542800,6907.25,6909.25,6854.5,6859.75,319471
1772550000,6859.75,6921.5,6832.25,6912.25,665936
1772557200,6912.25,6956.25,6897.25,6949.75,354448
1772564400,6949.75,6963.25,6929,6939.5,340828
1772571600,6939.5,6940.5,6923,6927.25,32955
1772578800,6925,6946.75,6919,6934.5,86560
1772586000,6934.5,6940,6901.25,6913.25,101007
1772593200,6913.25,6915.75,6890.75,6905.5,60359
1772600400,6906,6912,6887,6904.25,49963
1772607600,6903.75,6926.5,6896,6917,73799
1772614800,6917,6962,6910.5,6956.25,91311
1772622000,6956.5,6968.5,6926.5,6941.5,81298
1772629200,6941.25,6971.5,6932,6949.75,241697
1772636400,6949.75,7002.75,6944.5,6994.25,504927
1772643600,6994.25,7005.25,6982,7002,214937
1772650800,7002,7008,6986.75,6986.75,188562
1772658000,6986.5,6996,6979.5,6992.25,39269
1772665200,6996,7014.25,6991.75,7005.75,47562
1772672400,7006,7007,6970.75,6979,83963
1772679600,6979.25,6983.25,6963.75,6982,44119
1772686800,6982,6982.5,6958,6980.25,42529
1772694000,6980.25,6981.75,6953.75,6971.25,63940
1772701200,6971.25,7007.25,6969.75,6983.25,85959
1772708400,6983.5,6994.25,6970,6976.25,55209
1772715600,6976.25,6986.5,6949.25,6986.25,268623
1772722800,6986,6990.75,6924.75,6945.5,686727
1772730000,6945.5,6959.5,6892.5,6900.75,509588
1772737200,6900.75,6952,6890.5,6948.5,431406
1772744400,6948.5,6949.5,6935,6937.75,29156
1772751600,6937.5,6963.75,6935.5,6956,45529
1772758800,6955.75,6961,6946.75,6950.25,42297
1772766000,6950.25,6967.5,6950,6960.75,26015
1772773200,6960.75,6967.25,6955.75,6957.25,20528
1772780400,6957.25,6964,6942.5,6951.5,47173
1772787600,6951.5,6954,6911.75,6928.5,106605
1772794800,6928.5,6931.25,6897.25,6903,103517
1772802000,6902.5,6919.5,6828.75,6840.75,466512
1772809200,6841,6892.5,6839.5,6882,641127
1772816400,6882.25,6893.75,6852.5,6872.75,371624
1772823600,6872.75,6892,6843,6856,360088
1772830800,6856,6859,6843.25,6853.25,39558
1773007200,6812.25,6812.25,6724.5,6741.75,127595
1773014400,6741.75,6751.25,6703.5,6704.5,132932
1773021600,6704.5,6728.25,6698,6722.75,99444
1773028800,6723,6757,6721.75,6755.75,62465
1773036000,6755.75,6765.25,6737.5,6756.25,71532
1773043200,6756.5,6815.25,6747,6796.5,163830
1773050400,6796.5,6800,6774.25,6781.75,90415
1773057600,6781.75,6807.5,6757.75,6771.75,257000
1773064800,6771.75,6831,6754.5,6826,488921
1773072000,6826.25,6854.5,6812,6819.25,322200
1773079200,6819.5,6931.75,6818.75,6915,426019
1773086400,6915.25,6922,6894.75,6907.75,53187
1773093600,6912.75,6912.75,6879.25,6885.25,67776
1773100800,6885.25,6909.5,6875.75,6905.75,66266
1773108000,6905.75,6908.25,6877.75,6886,40566
1773115200,6886,6904.5,6881,6903.5,23670
1773122400,6903.25,6933.5,6899.75,6932.75,45871
1773129600,6932.75,6947.25,6929,6933.75,94046
1773136800,6933.75,6937.5,6900.5,6903.5,116984
1773144000,6903.5,6919.5,6882.25,6889.5,336077
1773151200,6889.25,6951,6878.5,6945,556281
1773158400,6945,6965.5,6928,6951.75,376556
1773165600,6952,6953.5,6893,6901.5,560072
1773172800,6901.5,6915,6900.5,6911,29741
1773180000,6910.5,6913,6896.25,6910.75,34125
1773187200,6910.5,6932.75,6909.5,6930,50883
1773194400,6930,6936.25,6926.25,6935,17151
1773201600,6935.25,6935.5,6915.75,6916.5,16380
1773208800,6916.5,6921.75,6897.25,6908.5,35524
1773216000,6908.5,6913.5,6881.75,6883.25,89324
1773223200,6883.25,6919.5,6882.5,6893.25,91911
1773230400,6893,6915.5,6877.25,6909.5,300466
1773237600,6909.5,6931.25,6866.5,6872,630273
1773244800,6872,6898.25,6863.25,6879.75,353387
1773252000,6880,6896.25,6867,6893.5,241871
1773259200,6893.5,6895.5,6881.5,6883.25,23598
1773266400,6881.5,6883.75,6828.5,6842.5,97760
1773273600,6842.5,6852,6828.75,6840.25,57080
1773280800,6840.5,6842.5,6819.25,6826.5,39829
1773288000,6826.25,6836.75,6822.75,6834.25,29433
1773295200,6834.5,6860,6829.25,6859.75,33850
1773302400,6859.5,6872.25,6847.25,6870.75,83238
1773309600,6870.75,6874.25,6854.75,6856.25,90038
1773316800,6856.5,6857.75,6810.5,6817.25,385397
1773324000,6817.5,6841.25,6798,6822.5,689973
1773331200,6822.5,6842.75,6802.25,6811.25,451561
1773338400,6811.25,6822,6788.5,6789.75,301041
1773345600,6789.75,6801,6785.25,6798.75,42318
1773352800,6798.75,6809.5,6791,6793.75,59589
1773360000,6793.5,6825,6784.25,6816.25,69964
1773367200,6816.5,6820.75,6806.75,6815.25,29303
1773374400,6815.25,6816,6800.5,6807.25,20407
1773381600,6807,6808.75,6764,6769.5,58536
1773388800,6769.75,6797.25,6753.5,6787.75,133120
1773396000,6788.25,6820.75,6786.75,6819.75,120640
1773403200,6819.75,6851,6811.25,6832.75,351122
1773410400,6832.75,6840,6758,6761,713083
1773417600,6760.75,6780,6748,6753.25,411938
1773424800,6753.5,6775.5,6740.5,6750.5,331828
1773432000,6750.5,6751.5,6738.5,6738.75,40044
1773612000,6723.5,6776.5,6719.5,6762.5,79114
1773619200,6762.75,6785.25,6762,6783,60501
1773626400,6783,6788,6772,6786,25468
1773633600,6786,6792,6778.75,6791,15813
1773640800,6790.75,6796.75,6775.25,6778.5,27810
1773648000,6778.25,6793.25,6765.5,6770,55447
1773655200,6769.75,6804.5,6768.75,6802,64974
1773662400,6801.75,6836.5,6801.75,6835.5,146309
1773669600,6835.25,6841.5,6802.5,6811.75,209768
1773676800,6811.5,6824.75,6798,6814.25,138273
1773684000,6814.5,6847.75,6810.75,6816.5,138654
1773691200,6816.75,6821,6809.25,6812.75,15901
1773698400,6812.75,6815.25,6805.5,6814.75,29008
1773705600,6814.75,6815,6796.75,6804.25,35770
1773712800,6804.5,6804.75,6793.25,6795.25,17597
1773720000,6795.25,6807.25,6785.25,6785.75,18730
1773727200,6785.75,6798,6778.25,6788.75,38570
1773734400,6788.5,6810.75,6781.75,6810,75350
1773741600,6810,6813.75,6797.5,6805,55919
1773748800,6805,6871,6804.75,6865.75,188546
1773756000,6865.5,6866,6829.25,6836.25,369931
1773763200,6836.5,6847,6826.75,6843.75,211486
1773770400,6843.75,6850,6831.5,6834.5,164426
1773777600,6834.5,6838.75,6832.25,6836.75,17868
1773784800,6837.25,6837.75,6827.25,6829,26661
1773792000,6829,6849.25,6827.5,6848.25,33462
1773799200,6848.5,6861.5,6848,6859.75,24944
1773806400,6859.75,6867.25,6859,6867,17426
1773813600,6867,6876.25,6865.25,6866,30947
1773820800,6865.75,6873.25,6864.75,6868.5,32944
1773828000,6868.5,6874.25,6850,6855.5,76880
1773835200,6855.25,6857,6794.5,6818.25,351645
1773842400,6818,6819.75,6781.25,6795.75,421237
1773849600,6795.5,6801.25,6777.75,6792,256815
1773856800,6793.25,6800.5,6736.25,6739.5,417554
1773864000,6739.5,6742.75,6717,6726.5,58305
1773871200,6733.75,6738.25,6719.25,6732.5,50687
1773878400,6732.75,6743.5,6724.75,6736.25,48873
1773885600,6736.5,6757.5,6728.75,6745,50073
1773892800,6745,6745.25,6725.75,6730,36927
1773900000,6730,6741.75,6717.5,6721.5,57926
1773907200,6721.75,6744.5,6708.25,6739.5,168323
1773914400,6739.25,6739.5,6712,6722.25,79666
1773921600,6722.25,6724.25,6674,6709.5,325408
1773928800,6709.5,6720.75,6683,6702.25,588641
1773936000,6702.25,6714,6678.75,6695.75,296940
1773943200,6696,6754.5,6686.5,6721.5,417555
1773950400,6721.5,6737.75,6717.25,6733,31914
1773957600,6735,6744.5,6730.25,6735.5,34637
1773964800,6735.75,6748.25,6728.75,6737.25,43197
1773972000,6737.5,6742,6731.5,6733.75,19074
1773979200,6734,6736.5,6723,6729.75,15502
1773986400,6729.75,6735.25,6705.75,6732.5,36768
1773993600,6732.75,6737.75,6689.5,6695,89785
1774000800,6695,6702.5,6670.25,6697.25,99621
1774008000,6697,6710.75,6668,6669.75,278095
1774015200,6669.75,6680.25,6650,6668,508640
1774022400,6668.5,6678.75,6644,6652.5,286804
1774029600,6652.5,6655.25,6586.25,6625,413102
1774036800,6625,6655,6622,6650.75,59278
1774216800,6582.75,6624.5,6566.5,6602.25,105216
1774224000,6602.25,6618.25,6585,6612,85566
1774231200,6612,6617.5,6585.75,6587,48945
1774238400,6587,6605.25,6582.5,6592.5,36179
1774245600,6592.5,6593,6545.25,6559.75,71781
1774252800,6560,6589.75,6559.75,6568.75,76476
1774260000,6568.75,6810.5,6552.5,6701.25,239742
1774267200,6701.5,6760.25,6687.5,6742.75,310442
1774274400,6742.75,6767.5,6698,6699.75,476814
1774281600,6699.75,6722.5,6678.5,6720.5,372395
1774288800,6720.5,6737,6693.25,6694,241367
1774296000,6694,6702,6683,6695.5,27750
1774303200,6695.75,6715,6687,6707.75,39923
1774310400,6707.5,6707.75,6653.5,6661.5,87468
1774317600,6661.25,6669.75,6652.5,6665.75,36849
1774324800,6665.25,6672.25,6645,6660.25,34550
1774332000,6660.25,6716,6659.75,6707.75,54579
1774339200,6707.5,6714.5,6667,6694.25,73672
1774346400,6694.25,6697.75,6666.75,6689,62804
1774353600,6689.5,6693,6636,6652.25,236484
1774360800,6652.25,6708.5,6649.5,6688.5,513391
1774368000,6688.5,6700.5,6661.25,6680.75,323427
1774375200,6680.75,6704.25,6662.75,6669.5,285061
1774382400,6669.5,6741.75,6668,6709.75,130545
1774389600,6709.75,6723,6704.25,6713.5,47106
1774396800,6713.75,6734,6706.75,6714.75,55454
1774404000,6715,6715.75,6696.75,6710.5,34558
1774411200,6710.75,6721.75,6708.75,6710.5,24172
1774418400,6710.5,6721,6699.5,6717,33634
1774425600,6717.75,6744.25,6712,6721.75,73999
1774432800,6721.75,6738.25,6716.25,6733.5,58960
1774440000,6733.25,6747.25,6701.25,6702,261412
1774447200,6702,6730,6679,6707.25,429062
1774454400,6707.25,6732,6696.75,6716.75,248133
1774461600,6716.5,6723.25,6692.75,6704.5,166147
1774468800,6704.5,6709.75,6697.75,6703.25,20005
1774476000,6703.5,6703.75,6683.5,6692.5,39207
1774483200,6692.5,6709.5,6691.25,6697.75,42150
1774490400,6697.75,6709.5,6673.25,6701.75,53846
1774497600,6702,6703.25,6674.5,6675.25,31570
1774504800,6675.5,6684.75,6663,6677,38183
1774512000,6676.75,6685.25,6643.25,6653.25,60582
1774519200,6653.25,6664.5,6641.5,6642,53338
1774526400,6642.25,6682.25,6636.5,6680.5,221981
1774533600,6680.5,6684.5,6643.25,6650.5,373565
1774540800,6650.25,6652,6598.5,6601,255368
1774548000,6600.75,6611.25,6582.75,6585.5,207733
1774555200,6585.25,6660,6579.5,6598,122472
1774562400,6602.5,6616.25,6598.25,6613.75,42583
1774569600,6614,6620.5,6596.75,6610,43320
1774576800,6610.25,6614.75,6600.75,6614.25,23034
1774584000,6614,6631,6610.5,6622,23036
1774591200,6622,6629.25,6604,6609,24596
1774598400,6609.5,6614.25,6571.25,6577.75,60476
1774605600,6578,6585,6552,6564.25,62241
1774612800,6564.5,6566,6516.5,6521.25,204855
1774620000,6520.75,6552.75,6513.5,6534,344301
1774627200,6534,6535.5,6489.75,6492,218964
1774634400,6492,6498,6460.75,6469.75,229817
1774641600,6469.75,6474.5,6451.5,6460.5,50149
1774821600,6442.25,6451,6424.5,6430.25,98995
1774828800,6430.25,6457.5,6422.75,6447.25,91404
1774836000,6447.25,6473.5,6442,6470.5,49593
1774843200,6470.5,6483.25,6468.75,6479.75,31204
1774850400,6479.25,6500.75,6478,6497.5,42720
1774857600,6497,6510,6491.5,6499.75,42959
1774864800,6500,6544.5,6494.75,6512.25,72973
1774872000,6512.75,6533.5,6475.75,6480.25,188091
1774879200,6480,6518.5,6476.75,6503.5,353350
1774886400,6503.5,6504.75,6456.25,6465.25,220038
1774893600,6465,6467.25,6422,6450.25,249046
1774900800,6450.25,6451.25,6439.5,6446,25262
1774908000,6447,6455.5,6429.75,6435.5,35764
1774915200,6435.5,6516.5,6414.5,6503.75,137578
1774922400,6504.25,6524,6500,6505.5,46809
1774929600,6505.5,6511.5,6484.5,6500.75,31874
1774936800,6501,6518,6483.5,6517,45096
1774944000,6517.25,6519.25,6497.5,6501,43100
1774951200,6500.75,6529.25,6486.25,6516,89407
1774958400,6516,6557.5,6500.25,6557,210450
1774965600,6557,6560,6508.5,6527.75,357036
1774972800,6527.75,6626.25,6524.75,6594.25,419920
1774980000,6594.25,6645.5,6594.25,6631.75,241649
1774987200,6631.75,6639.75,6624.25,6630.25,41322
1774994400,6625.5,6655.25,6623.25,6652.25,38352
1775001600,6652,6657.25,6641.25,6644,39362
1775008800,6644,6648,6638,6643.25,16013
1775016000,6643.25,6662,6642,6655.25,17834
1775023200,6655.5,6686,6655,6663,59582
1775030400,6663,6671,6648.75,6665,62527
1775037600,6665.5,6693.25,6661,6690.25,54835
1775044800,6690,6704.5,6652.5,6674,248619
1775052000,6674,6712.25,6667.25,6709.5,320010
1775059200,6709.5,6717.25,6698,6698,148090
1775066400,6698.25,6699.75,6666.5,6681.75,287644
1775073600,6681.75,6686.25,6678.5,6679.75,22579
1775080800,6679.25,6684.5,6672.25,6677.25,24317
1775088000,6677,6695,6616,6622,153498
1775095200,6622.25,6628.25,6598.25,6600,57285
1775102400,6599.75,6603.75,6585,6585,36045
1775109600,6585.25,6612.25,6582.5,6611.25,42364
1775116800,6611.25,6613.5,6599.5,6603.5,32932
1775124000,6603.5,6605.75,6570.5,6570.75,57583
1775131200,6571,6625.25,6566,6623,220270
1775138400,6622.75,6707,6611.75,6667.5,540010
1775145600,6667.5,6677.5,6649,6659.75,237782
1775152800,6659.5,6688,6659.25,6685.75,176504
1775160000,6685.75,6691.25,6681.25,6687,26361
1775167200,6686.25,6688.25,6681.5,6686.25,12379
1775174400,6686.5,6694.75,6680.75,6681,14154
1775181600,6681,6683,6671,6675,13451
1775188800,6675.25,6678.75,6671.25,6676,7461
1775196000,6675.75,6676.25,6661,6669.5,13233
1775203200,6669.5,6672.5,6665.25,6666.75,4989
1775210400,6666.5,6673.75,6660.75,6670.25,10543
1775217600,6670,6700.5,6661,6666.25,28633
1775426400,6652.75,6653.75,6629.25,6649.75,61707
1775433600,6650,6680.5,6648.75,6672.5,52068
1775440800,6672.25,6698.5,6657.75,6674.75,62791
1775448000,6674.75,6686.75,6673.75,6679.25,22885
1775455200,6679.75,6702,6676.75,6697,40902
1775462400,6697.25,6713.75,6697.25,6699.5,40303
1775469600,6700,6705.25,6680.75,6689.25,45369
1775476800,6689.75,6711.75,6680.25,6711.75,195712
1775484000,6711.25,6725,6686.25,6705,352944
1775491200,6705,6711.5,6681,6690.75,204157
1775498400,6691,6715.75,6688.25,6715.25,168232
1775505600,6715.5,6717.5,6708.75,6713.25,23483
1775512800,6713.25,6722,6704,6704.25,26928
1775520000,6704.25,6717.25,6674.25,6676.25,55003
1775527200,6676.5,6687.25,6671.75,6684.75,35705
1775534400,6684.75,6691.5,6678.75,6685.25,25996
1775541600,6685.25,6693,6681,6690.5,28228
1775548800,6690.5,6729.75,6690.25,6723.25,81432
1775556000,6723.5,6726.5,6673.75,6682.25,127370
1775563200,6682,6703.25,6664.5,6665.5,252991
1775570400,6665.5,6679,6635.25,6663,478199
1775577600,6663.25,6709,6662.75,6692.75,312697
1775584800,6692.75,6721.5,6659.25,6718.25,384883
1775592000,6718,6736.25,6711.5,6726,63319
1775599200,6739.75,6881.25,6737.5,6867,179874
1775606400,6866.75,6875.75,6850.25,6871.75,66887
1775613600,6871.5,6881.5,6871.5,6877.75,25913
1775620800,6877.75,6900,6877.5,6898.75,34852
1775628000,6898.75,6900.5,6880,6881.5,50118
1775635200,6881.5,6903,6879.25,6894.25,50537
1775642400,6894.25,6909.75,6889.75,6901.75,46575
1775649600,6902,6908,6867.5,6874.25,284454
1775656800,6874.25,6881.5,6842.25,6876.5,365495
1775664000,6876.5,6892.25,6872.25,6885.75,181356
1775671200,6885.25,6894,6855.25,6886,249605
1775678400,6886,6889.5,6876.75,6879,27021
1775685600,6877.75,6885.75,6872.5,6875.25,32461
1775692800,6875.25,6880,6866.25,6873.5,38738
1775700000,6873.75,6877.5,6868.5,6873,18877
1775707200,6873,6878.75,6867.25,6874,14533
1775714400,6874.25,6879.75,6856.75,6861.25,32595
1775721600,6861.25,6865,6855,6864.25,30999
1775728800,6864.5,6870.25,6856.75,6868,43301
1775736000,6868,6884.25,6863.25,6879.25,172188
1775743200,6879.25,6915.75,6864,6915,424540
1775750400,6914.75,6938.5,6914.5,6932.25,257684
1775757600,6932.25,6933.75,6911,6924.5,261540
1775764800,6924.5,6926,6918.75,6923,32727
1775772000,6922.5,6925,6913.5,6918.5,28888
1775779200,6918.5,6931.5,6914.5,6928.75,25064
1775786400,6928.75,6931,6922.25,6929,14122
1775793600,6929.25,6929.5,6923.75,6924.5,9866
1775800800,6924.5,6926.5,6916.75,6924.25,20084
1775808000,6924.25,6929.5,6913,6925.25,39155
1775815200,6925.25,6933.5,6920.25,6927,28334
1775822400,6926.75,6952.5,6925,6932.75,162377
1775829600,6932.25,6945.5,6916,6919,371657
1775836800,6919.25,6925.75,6908.75,6919.25,235455
1775844000,6919.5,6924.75,6911.25,6918,195068
1775851200,6918.25,6927,6913.75,6926.25,31518
1776031200,6856,6857.25,6829.75,6846.75,88944
1776038400,6847,6870.25,6839.75,6867.25,60209
1776045600,6867.5,6869.5,6863.25,6864.25,18689
1776052800,6864,6873.25,6862,6871,19418
1776060000,6871,6880.25,6871,6875,24380
1776067200,6874.75,6882.5,6872.5,6876,30231
1776074400,6876.25,6893.75,6866.5,6867.25,44987
1776081600,6867.5,6921.25,6865,6921,233061
1776088800,6920.75,6930.75,6907.5,6918.5,278299
1776096000,6918.5,6952.5,6913.75,6945.75,274233
1776103200,6945.75,6987.25,6945.75,6984,187334
1776110400,6983.75,6991.75,6981.75,6990,36623
1776117600,6987.75,6994,6986,6988.25,22301
1776124800,6988,6990.5,6983,6986.5,19993
1776132000,6986.25,6990,6984.5,6986.5,9660
1776139200,6986.5,6988.5,6983.75,6984.5,7099
1776146400,6984.5,7000.75,6982.75,6995.75,28555
1776153600,6995.75,7004.75,6994,6995.75,24573
1776160800,6996,7007.75,6990.5,7001.5,41169
1776168000,7001.75,7023.75,6999,7019,162784
1776175200,7019,7057.75,7018.5,7053,275124
1776182400,7053,7065.75,7052.25,7061.75,145467
1776189600,7062,7070.75,7045.75,7068.75,224920
1776196800,7068.5,7069.75,7063,7066.5,29076
1776204000,7066.25,7076.25,7064.25,7071.25,27628
1776211200,7071,7075.25,7067.5,7073.75,22110
1776218400,7073.75,7074,7066.5,7072.25,16843
1776225600,7072.5,7079.75,7063.25,7066.5,22485
1776232800,7066.5,7070.5,7061.75,7068,19727
1776240000,7068.25,7073,7061.75,7062.75,28930
1776247200,7063,7081.25,7054.5,7071.75,63675
1776254400,7071.75,7087.25,7065,7080.5,176351
1776261600,7080.5,7100.25,7072,7094.25,274076
1776268800,7094.5,7104.75,7081.75,7099.75,196301
1776276000,7099.5,7127,7096.25,7122.5,219822
1776283200,7122.75,7125,7116.75,7120.75,28977
1776290400,7120.25,7132.25,7118,7131.5,19624
1776297600,7131.5,7140,7128.5,7135.25,29782
1776304800,7135,7138.25,7133.75,7134,13183
1776312000,7133.75,7137.25,7130.75,7135.5,13087
1776319200,7135.75,7141,7131.75,7133.5,21468
1776326400,7133.25,7134.5,7124.5,7131,24652
1776333600,7131,7133.5,7121.5,7131,31420
1776340800,7131.25,7136.25,7108.75,7118.75,184468
1776348000,7118.5,7147.75,7110,7146.25,378715
1776355200,7146.5,7151.5,7121.75,7130.25,264051
1776362400,7130,7143.5,7118.75,7139.25,196501
1776369600,7139,7142.5,7137,7141,20200
1776376800,7140.25,7148,7138,7146,16414
1776384000,7146,7147.25,7140.25,7145.75,18186
1776391200,7145.75,7146.5,7138.75,7140.5,11362
1776398400,7140.75,7145.25,7137.75,7143.75,9183
1776405600,7144,7150,7139.75,7149,15788
1776412800,7149,7156.5,7146.75,7155.75,19541
1776420000,7155.5,7164.75,7150.5,7163.5,29670
1776427200,7163.75,7210,7162,7206,373188
1776434400,7206,7237.5,7204,7231.5,347742
1776441600,7231.5,7248.25,7214.25,7227,241008
1776448800,7227.25,7229.25,7213.75,7223.75,216078
1776456000,7223.75,7229,7221.75,7226.5,28319
1776636000,7165.75,7178.5,7147.75,7169.25,72777
1776643200,7169.25,7189,7164,7187,43792
1776650400,7187,7187.25,7181.25,7181.5,17713
1776657600,7181.75,7184,7172,7176.25,24061
1776664800,7176.5,7193.75,7176,7181.5,37602
1776672000,7181.25,7196.5,7172.75,7190.75,28826
1776679200,7190.75,7198.75,7183.5,7191.75,28529
1776686400,7192,7222,7189,7219.5,166463
1776693600,7219.5,7220,7184,7198.75,404357
1776700800,7198.75,7207,7192.75,7200.25,151369
1776708000,7200.25,7211.75,7197.5,7210.75,155093
1776715200,7210.75,7223,7207.5,7214.75,36708
1776722400,7214.5,7223.25,7212,7217.5,16143
1776729600,7217.5,7225,7212.5,7221.25,29030
1776736800,7221.25,7223,7216,7219.5,11739
1776744000,7219.5,7227.75,7219.25,7223,12698
1776751200,7223,7228.25,7218.75,7220.75,16323
1776758400,7220.5,7232,7217,7231.25,19251
1776765600,7231.25,7245.5,7230.5,7238,40736
1776772800,7238.5,7239.75,7209.5,7230.25,177576
1776780000,7230,7235,7181.5,7189,443033
1776787200,7189.25,7200.75,7159.25,7179.5,367011
1776794400,7179.25,7201,7147.5,7163,390309
1776801600,7163.25,7202.5,7154.25,7185,75472
1776808800,7188.75,7193.75,7185,7193.75,20387
1776816000,7193.75,7204.5,7193.75,7202.25,29535
1776823200,7202.25,7205.75,7197.5,7198.5,14461
1776830400,7198.5,7210,7191,7203.5,32828
1776837600,7203.5,7209.5,7196.25,7204.75,19909
1776844800,7204.75,7209,7192.5,7200.75,29225
1776852000,7201,7206,7195.5,7204.5,24474
1776859200,7204.5,7219.5,7199.75,7215.25,182572
1776866400,7215.25,7228.75,7208.75,7217.5,314208
1776873600,7217.5,7225.5,7209,7220.75,185544
1776880800,7220.75,7235.5,7212.5,7232.75,166094
1776888000,7232.75,7235.5,7218.5,7227,34574
1776895200,7226,7226.5,7220.75,7225,12224
1776902400,7224.75,7225.5,7168,7203.75,116581
1776909600,7204,7205,7181.5,7189.75,38705
1776916800,7189.75,7202.5,7186,7200.75,20927
1776924000,7201,7211.5,7200.5,7207.75,21212
1776931200,7207.75,7209.25,7188.25,7197.5,34969
1776938400,7197.5,7223.25,7191.75,7220.75,61334
1776945600,7220.5,7233.5,7198.25,7222.25,201838
1776952800,7222,7244,7211.5,7231,322006
1776960000,7231,7232.75,7142.25,7186,609294
1776967200,7185.75,7214.75,7181.75,7204.5,339686
1776974400,7204.25,7207.25,7191.25,7195,32146
1776981600,7202.5,7216,7202.25,7216,23250
1776988800,7216,7224,7213,7219,30536
1776996000,7219,7219.5,7198.75,7201.75,26221
1777003200,7201.75,7213.75,7199.5,7213.25,15984
1777010400,7213.5,7218.25,7207.5,7216.25,16260
1777017600,7215.75,7221.75,7197.75,7206.25,31152
1777024800,7206.25,7252,7204,7233.5,94478
1777032000,7233.75,7240,7207.5,7216.75,201814
1777039200,7216.75,7260,7209,7256.25,380313
1777046400,7256,7263,7245.25,7254.5,182300
1777053600,7254.75,7262.75,7247.5,7257.25,166582
1777060800,7257.25,7259.75,7252.5,7258.5,29731
1777240800,7247.5,7253.25,7233.75,7241,41234
1777248000,7241.25,7270.5,7239.75,7270.25,59040
1777255200,7270,7271,7264.25,7265.5,21629
1777262400,7265.25,7267.75,7250.5,7252.25,23490
1777269600,7252.25,7254.25,7247.5,7249.75,19744
1777276800,7249.5,7253.75,7243.75,7251.5,17572
1777284000,7251.5,7261,7249.25,7259,21034
1777291200,7259.25,7261,7241.25,7258,177812
1777298400,7258,7262.5,7239.5,7251.25,253305
1777305600,7251.25,7269.5,7248.75,7266.25,136837
1777312800,7266,7274,7264,7269.5,115485
1777320000,7269.5,7270.25,7264.5,7267.75,21316
1777327200,7268.25,7283.5,7267.5,7279.75,25409
1777334400,7279.75,7285.5,7270.5,7271.25,39305
1777341600,7271.25,7274.5,7267.25,7270.5,19232
1777348800,7270.75,7275.25,7258.75,7260.75,20144
1777356000,7260.75,7263.5,7253.25,7259.25,25548
1777363200,7259.5,7264.5,7250.25,7254.25,33770
1777370400,7254.25,7257,7217.75,7221,74820
1777377600,7221.25,7245.5,7210,7232.25,253738
1777384800,7232,7240,7208.75,7216.25,362335
1777392000,7216.25,7228,7209.75,7227,153130
1777399200,7227,7238.75,7224,7234,183516
1777406400,7234.25,7238.75,7230,7235,24737
1777413600,7235,7242,7235,7241.75,11766
1777420800,7242,7250.5,7231.75,7241,41855
1777428000,7241,7248,7241,7245,15385
1777435200,7245.25,7249.75,7244.5,7247.75,9953
1777442400,7247.5,7250.75,7231.75,7237,19760
1777449600,7237.25,7242.75,7229,7232,30571
1777456800,7231.75,7243.5,7229,7236.25,30579
1777464000,7235.75,7237.25,7212,7223.25,156193
1777471200,7223.5,7237.75,7207.5,7216,271999
1777478400,7216,7223.5,7204.5,7222.5,173720
1777485600,7222.25,7233.25,7199.25,7233,238415
1777492800,7232.75,7253.5,7193.75,7204,93108
1777500000,7209.75,7259,7209.5,7255,57894
1777507200,7255.75,7263.25,7253.25,7261.75,31098
1777514400,7261.5,7262.25,7228,7234.25,49153
1777521600,7234.5,7234.5,7205.5,7206.25,49438
1777528800,7205.75,7228.5,7196.25,7223,47377
1777536000,7223.25,7247,7221,7233.25,43865
1777543200,7233.75,7262.5,7233.5,7257,62343
1777550400,7256.75,7274,7222.5,7227.75,229282
1777557600,7227.75,7266.75,7219.75,7262,382175
1777564800,7261.75,7288,7255,7287,182731
1777572000,7287.25,7314.25,7286.75,7300.75,221861
1777579200,7300.75,7315.75,7300.25,7309.25,44701
1777586400,7317.25,7326,7308.75,7315,37408
1777593600,7315.5,7326.5,7313,7325.25,25332
1777600800,7325.25,7328.5,7320.75,7322.75,15890
1777608000,7322.75,7323.5,7318.75,7319.75,9800
1777615200,7319.75,7321,7311,7312.5,16614
1777622400,7312.25,7317,7309,7315.5,14153
1777629600,7315.75,7319.25,7311.25,7318.75,18977
1777636800,7318.75,7355.5,7317,7355.5,206295
1777644000,7355.5,7363.25,7334.25,7348,326624
1777651200,7348,7350.25,7328.5,7341.75,194678
1777658400,7341.75,7343.25,7318.25,7320.25,193558
1777665600,7320.25,7321,7303.25,7310.25,36612
1777845600,7337.75,7342,7321.75,7324.5,39830
1777852800,7324.25,7330.25,7316.75,7329.75,39755
1777860000,7329.75,7331.5,7322.25,7329.5,22415
1777867200,7329.75,7337,7328.25,7332.5,14525
1777874400,7332.5,7336,7321.75,7327.5,24956
1777881600,7327.5,7330.5,7317.75,7326.5,22447
1777888800,7326.5,7328,7276.25,7307.75,129113
1777896000,7308,7320.25,7300.75,7320,158115
1777903200,7320,7333.5,7281.5,7287.75,438667
1777910400,7287.75,7298.75,7261.75,7295.25,321575
1777917600,7295.25,7302,7279.75,7293.75,174587
1777924800,7293.5,7294,7285.25,7288,17886
1777932000,7290.5,7297,7287,7289.5,15969
1777939200,7289.5,7301.25,7286,7298,26653
1777946400,7298.25,7304.25,7296.25,7303.25,16143
1777953600,7303,7306.75,7300.5,7306.25,12046
1777960800,7306.25,7319.25,7298.5,7310,31206
1777968000,7310,7320.25,7309.5,7318.25,22471
1777975200,7317.75,7324.25,7311,7321,30429
1777982400,7320.75,7339.75,7318.5,7337.25,128850
1777989600,7337.5,7349,7329,7342.25,249570
1777996800,7342.25,7354,7341.5,7351.75,95096
1778004000,7352,7362.5,7345,7349.25,130351
1778011200,7349.25,7366.75,7347.75,7358.25,34219
1778018400,7365.5,7384.75,7356,7376.75,50661
1778025600,7376.75,7378.5,7361.75,7370.5,38889
1778032800,7370.25,7373.75,7364.75,7370.5,16584
1778040000,7370.25,7375.25,7369,7374,11956
1778047200,7374,7377.25,7366.25,7373.25,21555
1778054400,7373.5,7405.75,7367.75,7404.25,77174
1778061600,7404.5,7428.25,7402.75,7410.5,95057
1778068800,7410.75,7411.25,7389.75,7408.5,207563
1778076000,7408.5,7437.25,7398.75,7428,304925
1778083200,7428,7433.5,7417,7433.5,116679
1778090400,7433.25,7458.25,7432.25,7449.25,178576
1778097600,7449.25,7458.25,7447,7449.25,37700
1778104800,7444,7446.25,7439.5,7442.25,20303
1778112000,7442.25,7455.75,7440.75,7452.75,28610
1778119200,7452.75,7454.75,7445.75,7453,16761
1778126400,7453,7458.25,7452,7456.5,11871
1778133600,7456.25,7473.25,7452.75,7464.5,37576
1778140800,7464.5,7471,7454.25,7456.75,32331
1778148000,7456.25,7461.75,7452.25,7459.25,29335
1778155200,7459,7465.5,7446.25,7450.25,149459
1778162400,7450,7472.5,7448.5,7450.5,314255
1778169600,7450.5,7451.25,7408,7427.75,435198
1778176800,7428,7433,7408,7426.75,307514
1778184000,7427,7441.25,7413.75,7415.5,66543
1778191200,7402.75,7425.5,7399.5,7425.5,40847
1778198400,7425.5,7442.5,7425.5,7438.75,32640
1778205600,7439,7442.25,7429.5,7440.75,20793
1778212800,7440.5,7447.75,7437.75,7445.25,13813
1778220000,7445.25,7451.25,7441.5,7450,22994
1778227200,7449.75,7464.5,7448.5,7457.25,28001
1778234400,7457,7464.25,7453.25,7462.25,25624
1778241600,7462.25,7479.75,7451,7476.5,178162
1778248800,7476,7485.25,7469.75,7478.25,283753
1778256000,7478.25,7488.75,7477.25,7481,143170
1778263200,7481,7490.75,7470,7483.75,186489
1778270400,7483.5,7487,7479.75,7483.5,31584
1778450400,7466.25,7472.25,7453,7465.25,46109
1778457600,7465.25,7475.25,7459.5,7473.5,49260
1778464800,7473.5,7477.75,7470,7473.75,20983
1778472000,7474,7477.5,7469.25,7473.25,11630
1778479200,7473,7478.75,7471.5,7476.75,15706
1778486400,7476.75,7483,7472.25,7477.5,21188
1778493600,7477.25,7482.75,7473,7476.5,22163
1778500800,7476.5,7499.75,7465,7495.25,164181
1778508000,7495,7512.25,7484,7510.75,270002
1778515200,7511,7516.5,7496.5,7510.75,154986
1778522400,7510.75,7515.25,7489.75,7501.25,190342
1778529600,7501.25,7502.75,7488.5,7497.75,33345
1778536800,7497.75,7506.25,7497.25,7501,14187
1778544000,7501,7501.25,7473.5,7481.5,45619
1778551200,7481.75,7493.25,7480,7488,23322
1778558400,7487.75,7490.25,7481,7484,12919
1778565600,7484.25,7485,7464.75,7478.25,26709
1778572800,7479,7479,7465.75,7473.75,28939
1778580000,7474,7478.75,7464.5,7470.25,36576
1778587200,7470.5,7483.25,7456.25,7458.25,237080
1778594400,7458.75,7471.25,7425.75,7432.5,453639
1778601600,7432.5,7459.75,7426,7458.5,249686
1778608800,7458.5,7496.5,7454.5,7490.5,249437
1778616000,7490.5,7491,7478,7483,29130
1778623200,7483,7490,7474,7474.25,22848
1778630400,7474.25,7499,7472.5,7491.5,37969
1778637600,7491.25,7498.5,7487.75,7496.5,20643
1778644800,7496.5,7504,7495.75,7502,15483
1778652000,7501.75,7509,7496.75,7507.5,18650
1778659200,7507.75,7516.5,7501.75,7509.5,29108
1778666400,7509.5,7511.5,7500.75,7503.75,23535
1778673600,7503.75,7508.75,7461.5,7475.75,239598
1778680800,7475.75,7509.5,7474.5,7504.5,278895
1778688000,7504.5,7536.5,7502.25,7528.75,179219
1778695200,7528.75,7546.25,7528.25,7531,190893
1778702400,7531.25,7540.5,7529.25,7538.75,27684
1778709600,7539.75,7546.25,7535.25,7543,22605
1778716800,7542.75,7551.5,7537.75,7541.25,32749
1778724000,7541.25,7546.5,7534.25,7536,20683
1778731200,7536,7549,7533.5,7545.5,19697
1778738400,7545.75,7552,7540.5,7541.75,21499
1778745600,7542,7554.25,7537.5,7547.75,31514
1778752800,7547.5,7558.75,7545.5,7553.5,36724
1778760000,7553.5,7566,7542.25,7550.75,190635
1778767200,7550.75,7600,7549.25,7599.5,278959
1778774400,7599.75,7602.5,7569.5,7584,262079
1778781600,7584,7593.75,7573.25,7588.5,202686
1778788800,7588.5,7592.5,7580.75,7585.5,28238
1778796000,7585,7590.75,7581.75,7583.5,16872
1778803200,7583.25,7589.25,7556.75,7557.75,54245
1778810400,7557.75,7574.25,7556.25,7567.75,43441
1778817600,7568,7568,7528.25,7528.75,49207
1778824800,7528.75,7550,7525.5,7537.25,57577
1778832000,7537.25,7538.5,7498.25,7507.75,80435
1778839200,7508,7533.75,7504,7509.25,79047
1778846400,7509,7523.25,7482.5,7494.75,293183
1778853600,7495,7530.25,7492.75,7505.75,441427
1778860800,7506.25,7533.5,7499.75,7533,194733
1778868000,7533.25,7538.25,7489.5,7495,255099
1778875200,7494.75,7495.5,7472,7480.5,46979
1779055200,7472.75,7497.75,7460.25,7473.75,85209
1779062400,7473.5,7477.75,7437.5,7450,120933
1779069600,7450,7455.5,7440.25,7448,43484
1779076800,7448,7456,7441.5,7447.75,37269
1779084000,7447.25,7470.25,7438.75,7459,61785
1779091200,7459,7480.25,7459,7472.75,40617
1779098400,7473.5,7495.5,7448.75,7476.75,84125
1779105600,7476.75,7516.75,7475.75,7508.5,286626
1779112800,7508.25,7510.75,7454,7465.5,510557
1779120000,7465.5,7481.5,7444.25,7472.75,269660
1779127200,7472.75,7490.5,7435.25,7489,343329
1779134400,7488.75,7491,7479.5,7483,20990
1779141600,7485.5,7501.5,7483.75,7491.75,31592
1779148800,7491.75,7503.25,7473.75,7479.25,50995
1779156000,7479,7485,7465.25,7475.25,32730
1779163200,7475.25,7475.25,7454,7464.5,32623
1779170400,7464.5,7495.5,7459,7492.25,36205
1779177600,7492,7493.75,7446.5,7460.5,42669
1779184800,7460.5,7467.75,7446.75,7451.25,56384
1779192000,7451.5,7467.25,7432.25,7455,304148
1779199200,7455,7455.5,7416.25,7431.5,492961
1779206400,7431.5,7477.75,7424.25,7469.25,259949
1779213600,7469.25,7474.25,7427.5,7440,275244
1779220800,7440.25,7440.75,7432,7435,22503
1779228000,7440.25,7456.5,7430.25,7444.5,34254
1779235200,7444,7448.5,7418.5,7444.25,87684
1779242400,7444.25,7449.5,7418.5,7428.25,44404
1779249600,7428.25,7443.5,7424.75,7439.25,27676
1779256800,7439,7455.25,7438,7447.75,32848
1779264000,7447.75,7468.25,7447.25,7464.5,35101
1779271200,7464.5,7474.75,7458,7461.5,38159
1779278400,7461.25,7478.75,7443.25,7462,207901
1779285600,7462.25,7520.5,7439.25,7503.75,519915
1779292800,7504,7508.75,7486,7500.25,224874
1779300000,7500,7517,7493.75,7514,159316
1779307200,7514,7516.25,7491.75,7495.75,48352
1779314400,7495.75,7495.75,7470,7483.25,51549
1779321600,7483,7500,7475,7497.5,42069
1779328800,7497.75,7510.5,7497.5,7506.25,22657
1779336000,7506.25,7520,7496.25,7508.5,26959
1779343200,7508.25,7513.75,7488.75,7502.75,39337
1779350400,7503,7532.5,7502,7517.25,50371
1779357600,7517.25,7521.5,7477.5,7492.75,88415
1779364800,7492.5,7501.25,7472.5,7498,245936
1779372000,7497.75,7506.25,7470.25,7492.75,434735
1779379200,7492.5,7549.25,7480.5,7537,339183
1779386400,7537,7541.25,7500.5,7527.75,266228
1779393600,7527.75,7535,7525.75,7529.75,17702
1779400800,7530,7546,7529,7542,22839
1779408000,7542.5,7551.25,7536.75,7543,39853
1779415200,7543,7551.25,7541,7551.25,17490
1779422400,7551.25,7557.25,7546.75,7547.75,19623
1779429600,7547.75,7557.25,7544,7551,30837
1779436800,7551.25,7563,7535.5,7546,45709
1779444000,7546,7548.75,7532,7543.5,35059
1779451200,7543.25,7578.75,7540.75,7572.25,239790
1779458400,7572.75,7578,7541.25,7573,285497
1779465600,7573.5,7586.5,7563,7570.5,220661
1779472800,7570.75,7573.75,7546.25,7553.25,170531
1779480000,7553.5,7557.5,7544.75,7546.75,22951
1779660000,7581,7606.75,7579.25,7599.75,44638
1779667200,7600,7612,7597.5,7608.75,28132
1779674400,7609,7622,7607.75,7618,22096
1779681600,7618.25,7627.5,7618.25,7623.5,12740
1779688800,7623.25,7628.75,7610.75,7623.75,26145
1779696000,7623.5,7624.5,7615.5,7622,11014
1779703200,7622,7629.25,7620.75,7626.5,10329
1779710400,7626.5,7631.5,7620,7627.75,29622
1779717600,7627.5,7632.5,7616.5,7621,63894
1779724800,7621.25,7627.25,7617.75,7627,15756
1779746400,7625.75,7628.5,7605,7610,38567
1779753600,7610.25,7610.5,7594,7601.25,43125
1779760800,7601.5,7604,7597.5,7603,16138
1779768000,7603,7605.5,7598,7599.75,12082
1779775200,7600,7606.75,7587.75,7593.75,30630
1779782400,7594.25,7601.5,7590.75,7600,16616
1779789600,7600.25,7613.75,7594.75,7602.75,32858
1779796800,7602.5,7610.75,7587.25,7604,166342
1779804000,7604,7617.75,7579.5,7585.5,292905
1779811200,7585.5,7596.5,7580.75,7586.5,147872
1779818400,7586.25,7604.75,7584,7601.5,152878
1779825600,7601.75,7603.25,7593.75,7595.25,24062
1779832800,7596.5,7607.25,7592,7606,23729
1779840000,7605.75,7611.25,7600.25,7605,26253
1779847200,7605.25,7609.5,7600.75,7601.25,12406
1779854400,7601.5,7607.25,7598,7606.5,14481
1779861600,7606.5,7611.25,7599.25,7610.25,14718
1779868800,7610.5,7623.75,7609.5,7622.5,21164
1779876000,7622.75,7629,7613,7613.5,27464
1779883200,7613.75,7633,7588.25,7600.25,256919
1779890400,7600.75,7609.75,7579,7586.75,392412
1779897600,7586.75,7602,7577.25,7593,179548
1779904800,7593,7607.75,7589,7602.25,148596
1779912000,7602.5,7618.25,7601,7616.75,23107
1779919200,7617.25,7620.5,7594.5,7597,31644
1779926400,7597,7614.25,7595,7611.75,31801
1779933600,7612,7613.25,7573.75,7575,48752
1779940800,7575,7591.75,7568.25,7590.25,41553
1779948000,7590.5,7596.75,7586,7594.25,24164
1779955200,7594.25,7598.25,7589.5,7594.5,17305
1779962400,7594.75,7595,7577.5,7584.5,34076
1779969600,7584.75,7606.5,7583.25,7598.25,161212
1779976800,7598.25,7639.5,7596,7637.5,356332
1779984000,7637.25,7646.25,7633.25,7643.5,118428
1779991200,7643.5,7649,7637.75,7644.5,134825
1779998400,7644.5,7653.25,7642.75,7650.5,25349
1780005600,7650.5,7655.25,7646.5,7647.75,17721
1780012800,7647.75,7648.5,7635.25,7639.75,27872
1780020000,7640,7645.25,7636.75,7643,15720
1780027200,7643,7650.5,7643,7648.75,11870
1780034400,7648.75,7655.5,7642.75,7649,22884
1780041600,7649,7657.75,7644.5,7652.75,22059
1780048800,7653,7658.25,7646.5,7656,29540
1780056000,7656,7672.5,7648.25,7671.5,138481
1780063200,7671.25,7674.25,7640,7657,439539
1780070400,7657.25,7671.25,7645,7645.75,190279
1780077600,7645.75,7669.5,7644.25,7657.5,244526
1780084800,7657.75,7661.5,7651.75,7653,28461
1780264800,7657.25,7669,7648,7667.75,29330
1780272000,7667.75,7677,7667,7676.5,35903
1780279200,7676.5,7682.25,7673.25,7675,24708
1780286400,7675,7681.5,7674.75,7680.25,13612
1780293600,7680.5,7683,7670,7673.75,20244
1780300800,7673.75,7679,7668.25,7672.5,21158
1780308000,7672.5,7685,7672.5,7676.5,25788
1780315200,7676.75,7678.25,7638.5,7647.75,282443
1780322400,7647.75,7665.5,7643.5,7658,306267
1780329600,7658,7695.25,7649.5,7686.5,257591
1780336800,7687,7690.75,7673,7676.25,124884
1780344000,7676.5,7680.75,7669,7670.75,25222
1780351200,7673.25,7674.5,7653.25,7658.5,29923
1780358400,7658.5,7658.5,7640,7640,40474
1780365600,7640,7645.75,7638.75,7644.5,20177
1780372800,7644.25,7659.25,7643.75,7656.5,18135
1780380000,7656.75,7669,7656.25,7668.75,22349
1780387200,7668.75,7673,7661.25,7664,25824
1780394400,7663.75,7666,7657.75,7658.75,22936
1780401600,7658.75,7668,7650,7666.5,146133
1780408800,7666.5,7694.5,7661.75,7687.25,251958
1780416000,7687.25,7690.5,7678,7679,137079
1780423200,7679.25,7688,7676.75,7686,112550
1780430400,7686,7692.5,7685.75,7690.75,22059
1780437600,7690.75,7691,7665,7687,55682
1780444800,7687.25,7689.5,7681.5,7684.25,25201
1780452000,7684.5,7687,7682.5,7686.25,10070
1780459200,7686,7688.25,7680,7681.75,11445
1780466400,7681.5,7686,7678.25,7682.5,19987
1780473600,7682.75,7684.5,7673.75,7674.5,21433
1780480800,7674.25,7684.75,7673,7678.75,32251
1780488000,7679,7681.5,7636.5,7648.75,224801
1780495200,7648.5,7660.25,7637.25,7641.75,274019
1780502400,7641.75,7647.5,7625,7645.5,213583
1780509600,7645.75,7650.5,7631,7634.75,196922
1780516800,7635,7636,7604.25,7609.75,50822
1780524000,7604,7608.75,7591.5,7597,61508
1780531200,7596.75,7613.75,7594.25,7603.5,45529
1780538400,7603.75,7607.25,7590,7606,30328
1780545600,7606,7610.5,7601,7606.25,16010
1780552800,7606.25,7620.5,7604.5,7616.25,23723
1780560000,7616,7616.25,7595,7610.25,51621
1780567200,7610.25,7610.5,7587,7606.5,64142
1780574400,7606.25,7627,7599.25,7622.25,211251
1780581600,7621.75,7650,7612.25,7643.5,275585
1780588800,7643.75,7668,7642,7667.25,124568
1780596000,7667.25,7674,7660.75,7662.25,134057
1780603200,7662,7664.5,7649.75,7650,31404
1780610400,7652,7654,7635.75,7636,30794
1780617600,7636,7636,7609.25,7623.25,59232
1780624800,7623,7629,7616,7619,29359
1780632000,7619.25,7627.75,7617.75,7620.5,16700
1780639200,7620.5,7627.5,7609.5,7620,26605
1780646400,7619.75,7641.5,7616.75,7630.25,39017
1780653600,7630.25,7636.75,7621.75,7625.75,29741
1780660800,7625.75,7630.5,7573.25,7574,272466
1780668000,7574,7596,7548.75,7552.5,478251
1780675200,7552.75,7553,7511.25,7534,358144
1780682400,7534,7535,7442.25,7462.75,589509
1780689600,7462.75,7464,7421.5,7430.5,83314
1780869600,7430.75,7467,7418,7462.75,101641
1780876800,7462.5,7485.5,7446.5,7468.5,99383
1780884000,7469,7482,7463,7479,38593
1780891200,7479.25,7481.25,7448.75,7454.25,33145
1780898400,7454.25,7491.25,7452,7485.75,48926
1780905600,7485.5,7493.75,7469.75,7489.75,34441
1780912800,7490,7520.25,7478,7509.25,61293
1780920000,7509.25,7534,7493.5,7494,244136
1780927200,7494,7539.25,7491.5,7512.25,431628
1780934400,7512.5,7524.75,7485.5,7496.25,294427
1780941600,7496.25,7509.75,7466.25,7478,284354
1780948800,7478.5,7481.5,7469.75,7474.5,25645
1780956000,7474.75,7481.75,7453.25,7473,45776
1780963200,7472.75,7490.5,7452.5,7482.5,60559
1780970400,7482.5,7495.5,7478,7493,27385
1780977600,7493,7503.5,7490.25,7499.25,19343
1780984800,7499.25,7509.25,7492.75,7495.25,27089
1780992000,7495.25,7513.75,7490.5,7511,28573
1780999200,7511.25,7518.5,7496.75,7505.75,36536
1781006400,7506,7553.5,7504,7528,216628
1781013600,7528,7535,7373.5,7375,818952
1781020800,7375,7423.5,7309.5,7409.75,629444
1781028000,7410.25,7461.25,7405,7454.25,341337
1781035200,7454.25,7461.5,7444.75,7452.5,37159
1781042400,7444.5,7449.25,7426,7441.5,49971
1781049600,7441.5,7455.75,7426.5,7442.5,59140
1781056800,7442,7444.25,7432,7435,23800
1781064000,7435.25,7436.25,7416.25,7431,24889
1781071200,7431,7438.25,7424.5,7430.25,26965
1781078400,7430,7430.25,7381.5,7400,71090
1781085600,7400.25,7409,7367.75,7385,89690
1781092800,7384.75,7452.75,7382.25,7440.5,325432
1781100000,7440.5,7467.25,7367.75,7402.5,654465
1781107200,7402.75,7408.5,7361.25,7389.75,282003
1781114400,7389.5,7401,7337.5,7338.5,280275
1781121600,7338.5,7341.75,7318.75,7329.5,43188
1781128800,7325.5,7329.25,7295,7312,100838
1781136000,7312.25,7368.5,7308.25,7350,94729
1781143200,7350.25,7368.5,7335.75,7367,51670
1781150400,7367.5,7380.25,7363,7371,39359
1781157600,7370.75,7393.75,7357.25,7389.75,65091
1781164800,7389.5,7401.25,7389,7396,40821
1781172000,7396,7400,7380,7394.75,60750
1781179200,7394.5,7397.75,7345.5,7379.5,379973
1781186400,7379.5,7398.25,7325.5,7362.5,598340
1781193600,7363,7449,7334.5,7431.5,413921
1781200800,7431.5,7482.25,7407.75,7457,292860
1781208000,7457.25,7472.25,7452.75,7460.25,26693
1781215200,7460.75,7479.5,7460.25,7477.5,37334
1781222400,7477.25,7484,7459,7472.75,52377
1781229600,7472.75,7477.5,7462.25,7469.5,38666
1781236800,7469.75,7475.25,7449.75,7455.75,44748
1781244000,7455.5,7471,7437.25,7463.5,64124
1781251200,7463.75,7513.75,7461.5,7502,66575
1781258400,7501.75,7510.25,7482,7505.5,55169
1781265600,7505.5,7507,7429,7445.5,263434
1781272800,7445.75,7524,7444.25,7468.25,494766
1781280000,7468.25,7509.5,7461,7493,206096
1781287200,7493,7503.75,7481,7496,148602
1781294400,7495.75,7507.25,7495.5,7498.5,19132
1781474400,7542,7568,7540,7559.75,48938
1781481600,7559.75,7579.25,7557.25,7576,34624
1781488800,7575.75,7587.5,7575.75,7583.5,16041
1781496000,7583.5,7595.25,7580.5,7594.75,17835
1781503200,7595,7597,7585.25,7586.75,30369
1781510400,7586.5,7597,7582.75,7587.25,27525
1781517600,7587.5,7602,7586.75,7595.75,29449
1781524800,7595.75,7622.5,7587.5,7614.5,143271
1781532000,7614,7644.5,7605.75,7643,214638
1781539200,7643.25,7648.75,7632.25,7633.75,114455
1781546400,7633.75,7636.25,7616.5,7630.25,139829
1781553600,7630,7631.5,7624.25,7624.5,18736
1781560800,7626.5,7630,7612,7620.25,20441
1781568000,7620.25,7625.25,7612.75,7616.5,23195
1781575200,7616.25,7627.5,7614,7623,16046
1781582400,7623.25,7625.25,7615.25,7618.25,12426
1781589600,7618,7627.75,7617,7624.5,17909
1781596800,7624.75,7630.25,7618.75,7620.25,24610
1781604000,7620.5,7634.25,7620.5,7631.25,22407
1781611200,7631.25,7636.5,7620.75,7622.75,165948
1781618400,7622.75,7634.25,7598.75,7610,414242
1781625600,7609.75,7622.5,7598.75,7606,199986
1781632800,7605.75,7607.75,7582.75,7588,202354
1781640000,7588,7588.75,7577.75,7583.5,28892
1781647200,7583.5,7597.5,7583,7591.75,19770
1781654400,7592,7605.5,7592,7605.5,24372
1781661600,7605.25,7606.25,7598.75,7606,12344
1781668800,7606,7608,7601,7604,10056
1781676000,7604.25,7612.5,7601.25,7606,16813
1781683200,7605.75,7608.25,7590.25,7592.25,27685
1781690400,7592.25,7598.5,7582.75,7586.5,33884
1781697600,7586.75,7600.25,7581,7581.25,165208
1781704800,7581.25,7604.25,7560.5,7588.75,390366
1781712000,7589,7593.25,7568.5,7590,117143
1781719200,7589.75,7590,7472.25,7492,618532
1781726400,7492.25,7514.75,7489.75,7511,34722
1781733600,7515,7541.5,7504.25,7541.5,36754
1781740800,7541.5,7561.5,7539.75,7552.75,53515
1781748000,7553,7559.75,7550.5,7555.25,16453
1781755200,7555.75,7556.75,7539.25,7546.25,21956
1781762400,7546.5,7559.5,7540.75,7559.5,24950
1781769600,7559.5,7568,7545.75,7563.25,30501
1781776800,7563.25,7564.5,7531.25,7543.25,40580
1781784000,7543.25,7581.75,7535.5,7544,247347
1781791200,7544.25,7570.75,7539,7560.5,341221
1781798400,7560.5,7578.75,7555,7567,126227
1781805600,7567.25,7580.75,7549.25,7564.5,181285
1781812800,7564.5,7583,7562.25,7574.75,27836
1781820000,7575.5,7580,7559.75,7565.75,20355
1781827200,7565.5,7565.75,7547.25,7547.5,24376
1781834400,7547.5,7549.25,7536,7538.5,18009
1781841600,7538.75,7539.5,7520.5,7531.5,24410
1781848800,7531.25,7555,7530,7554.25,20423
1781856000,7554.25,7562.25,7550.5,7555.25,16711
1781863200,7555.25,7555.75,7537,7544.25,22005
1781870400,7544.25,7563.75,7533.5,7559.5,67533
1781877600,7559.25,7568.5,7554,7563.75,57924
1781884800,7563.75,7567.75,7554.75,7557,15166
1782079200,7543.75,7549.75,7513,7516,63193
1782086400,7515.75,7558,7514.5,7549.75,57444
1782093600,7550,7550.75,7533.5,7534.5,26422
1782100800,7534.5,7547.75,7528.5,7546.25,23485
1782108000,7546.5,7567.5,7546,7562.75,22660
1782115200,7562.75,7564.5,7552.5,7555,19843
1782122400,7554.75,7578,7554.75,7563.5,33360
1782129600,7563.75,7596.75,7563.75,7596.5,177654
1782136800,7596,7599.25,7527.25,7542.5,440682
1782144000,7542.75,7550.5,7532,7542.75,159807
1782151200,7543,7553.75,7528,7540.25,166475
1782158400,7540.25,7547,7539,7540.75,20477
1782165600,7543.25,7547.5,7525.5,7532,24651
1782172800,7531.75,7545.25,7512,7522.5,54952
1782180000,7522.5,7525,7496.5,7509,39784
1782187200,7509.25,7512,7465.5,7468.5,47898
1782194400,7468.75,7472.25,7428.5,7434,64982
1782201600,7433.75,7446,7421.5,7444.25,65593
1782208800,7444.25,7453.75,7426.25,7450.75,59799
1782216000,7450.75,7466.25,7415,7465.25,266422
1782223200,7465.5,7491.25,7435.75,7453.75,444003
1782230400,7454,7476.5,7452.75,7453,188167
1782237600,7453.25,7461.25,7428.75,7434.75,285033
1782244800,7435,7447,7431.75,7445.5,25977
1782252000,7449,7452.25,7420.25,7447,56162
1782259200,7446.75,7460,7442.5,7451.25,59937
1782266400,7451.25,7453.25,7427,7447.75,42330
1782273600,7448,7459.5,7434.75,7450.5,27487
1782280800,7450.25,7454,7439.5,7443,26884
1782288000,7443,7453.25,7439.25,7447.75,25106
1782295200,7447.75,7465,7442.25,7463.75,38834
1782302400,7463.75,7472.5,7437,7454.5,256813
1782309600,7454.75,7496.5,7436.5,7480.25,428045
1782316800,7480.25,7485.5,7407.75,7414,345115
1782324000,7414.25,7443.25,7404,7428.25,300123
1782331200,7428,7482.25,7421.25,7477.25,54927
1782338400,7477.25,7486.75,7464,7471.75,33878
1782345600,7471.75,7473.25,7452,7460,42985
1782352800,7460,7469.75,7452.75,7469.25,23642
1782360000,7469.5,7476.5,7459.75,7472,17192
1782367200,7472,7488.75,7471,7488,25425
1782374400,7488.25,7491.25,7475.75,7480.5,28703
1782381600,7480.5,7487.5,7472.25,7475.75,30640
1782388800,7475.75,7496.25,7390,7393,350656
1782396000,7393.25,7475.5,7392.25,7437.5,641604
1782403200,7438,7459,7409.75,7429.5,271394
1782410400,7429.5,7456.75,7408.25,7428.75,290330
1782417600,7428.5,7454,7427.75,7434,38002
1782424800,7431,7454,7416,7424,57059
1782432000,7423.75,7435.5,7395,7399.75,61702
1782439200,7399.75,7401.5,7357.25,7383,74182
1782446400,7383.25,7385.5,7364.5,7372,41954
1782453600,7372.25,7413.75,7369,7411.25,41548
1782460800,7411,7415.75,7380,7385.5,46531
1782468000,7385.5,7394.5,7376.75,7384.75,35905
1782475200,7384.75,7405.5,7360,7403.5,256556
1782482400,7401.5,7459.25,7397.75,7447.75,440756
1782489600,7447.75,7452.5,7420.75,7429.75,215922
1782496800,7430.25,7439.5,7369.75,7379.25,200843
1782504000,7379.5,7420.5,7370.5,7397.75,54186
1782684000,7398,7455.75,7398,7447.25,59168
1782691200,7447.5,7447.5,7422.25,7438.5,80375
1782698400,7438.75,7452.75,7420.5,7450.25,43578
1782705600,7450.5,7458.5,7439,7457.25,28672
1782712800,7457,7457.75,7436.75,7451,31853
1782720000,7451.25,7463.75,7447.25,7454.5,33014
1782727200,7455,7473.75,7452.75,7463.5,39849
1782734400,7463.5,7489.75,7444.5,7458.75,230963
1782741600,7458.5,7476.25,7409,7475,467870
1782748800,7475.25,7498.75,7470,7494.25,142674
1782756000,7494.25,7505,7491.25,7497,152337
1782763200,7497,7499.75,7491,7493,25346
1782770400,7494.75,7499,7490.5,7495.5,19216
1782777600,7495.5,7501.25,7481.75,7498.25,40107
1782784800,7498.5,7506.75,7488.25,7501.75,18228
1782792000,7501.5,7514.5,7501.25,7510.25,20993
1782799200,7510.25,7512.75,7500.5,7502.25,26246
1782806400,7502,7510.25,7494,7506,29697
1782813600,7506.25,7517.5,7503.75,7510.5,29890
1782820800,7510.75,7527,7491.5,7526.75,171018
1782828000,7526.75,7547.75,7515.5,7545.75,263805
1782835200,7545.75,7559.5,7545.25,7552,102350
1782842400,7552.25,7567.75,7544.5,7544.75,179813
1782849600,7545,7553.25,7538.5,7541.75,34171
1782856800,7543.5,7550.75,7541,7545,22879
1782864000,7545,7549.25,7531.75,7532.75,32358
1782871200,7532.75,7534,7517.5,7532.75,30508
1782878400,7532.5,7535,7525.75,7527.5,15588
1782885600,7527.5,7530,7510.5,7523,28744
1782892800,7523,7531.25,7519.25,7531,31935
1782900000,7531,7539.75,7526,7531,23627
1782907200,7531,7539.5,7506,7536,216518
1782914400,7537,7578.5,7533,7572.5,273668
1782921600,7572.5,7579,7554.5,7556.75,134089
1782928800,7556.75,7561.75,7536.5,7541.75,150127
1782936000,7542,7543,7525.5,7533,34759
1782943200,7535.5,7541.25,7528.75,7534.75,21444
1782950400,7534.75,7556.5,7522.75,7552.75,40846
1782957600,7553,7558.25,7549.75,7554.5,19928
1782964800,7555,7556.25,7541.25,7542.5,20553
1782972000,7542.75,7544.75,7520,7531,34191
1782979200,7531,7545,7522.25,7537.25,30723
1782986400,7537.25,7549.5,7531.75,7543.5,26318
1782993600,7543.25,7594,7541,7588.75,237585
1783000800,7589,7593.75,7520.5,7526.75,523584
1783008000,7527,7529.5,7479.75,7482,265030
1783015200,7482.25,7534,7480,7526.5,245721
1783022400,7526.25,7527.25,7517.75,7522.75,29168
1783029600,7523.5,7537.75,7523.5,7536.25,20166
1783036800,7536,7551,7527.25,7549.25,37046
1783044000,7549.5,7555.5,7547.75,7554,15620
1783051200,7554.25,7557.25,7550.5,7554.75,12892
1783058400,7554.5,7565.25,7551.75,7552,16195
1783065600,7552,7553.5,7545.75,7548.5,12937
1783072800,7548.5,7554,7546.5,7552.5,10039
1783080000,7552.75,7559.25,7549,7554.25,31666
1783087200,7554.25,7561.75,7550.25,7558.75,36055
1783094400,7558.75,7559.25,7553.5,7557.25,10352
1783288800,7562.75,7570.75,7551.25,7569.75,37335
1783296000,7570,7574,7549.75,7553.5,47517
1783303200,7553.75,7555.75,7538,7542,30309
1783310400,7542.5,7554.75,7539.75,7549.75,18377
1783317600,7550,7563.5,7546.25,7563,14754
1783324800,7563,7566.75,7556.5,7565,14963
1783332000,7565,7566.5,7556,7556.5,15870
1783339200,7556.5,7574,7552,7564.5,150448
1783346400,7564.25,7589,7556.25,7587.75,217464
1783353600,7587.5,7594.75,7575,7580.25,132841
1783360800,7580,7602.25,7580,7593.5,152968
1783368000,7593.5,7598.25,7591.25,7596.5,19672
1783375200,7597.5,7601,7584.25,7585.75,22685
1783382400,7585.5,7595.5,7579,7583.5,34807
1783389600,7583.5,7587.5,7570.5,7574,22079
1783396800,7574.25,7575,7563,7573.5,20001
1783404000,7573.25,7580,7567,7572,18437
1783411200,7572.25,7583.25,7570.5,7582,17851
1783418400,7581.75,7585,7572,7578.75,27241
1783425600,7578.75,7587.75,7560.25,7566.5,166234
1783432800,7566.25,7570.25,7529.5,7550.75,325937
1783440000,7551,7571,7549.75,7569.25,150219
1783447200,7569.25,7570.75,7536.75,7553.25,187040
1783454400,7553.25,7554.5,7546.75,7551.75,19988
1783461600,7546,7553,7537.25,7539,25193
1783468800,7538.75,7563,7533.25,7553,46658
1783476000,7553,7561.5,7546.25,7554.5,22759
1783483200,7554.5,7556,7538.75,7543.5,19563
1783490400,7543.5,7548,7531.75,7541.5,25022
1783497600,7541.75,7547,7468.25,7474.5,92010
1783504800,7474.75,7506.5,7469,7498.75,66589
1783512000,7498.5,7524.75,7492.5,7515.75,190461
1783519200,7515.75,7522.75,7469.25,7481,353881
1783526400,7481,7536.5,7480.75,7519.5,211027
1783533600,7519.25,7536.5,7515.25,7526.75,149255
1783540800,7526.75,7529.5,7508.25,7515.25,28488
1783548000,7516.5,7528.75,7516.25,7527.25,22468
1783555200,7527,7538,7525.5,7530.25,34222
1783562400,7530.25,7543.5,7524.75,7539,30798
1783569600,7539,7554,7534.5,7552.5,25589
1783576800,7552.25,7557.75,7547,7553.5,21382
1783584000,7553.5,7558,7533.75,7542,22560
1783591200,7541.75,7547.25,7526.5,7543.25,34172
1783598400,7543.25,7566.5,7530.25,7561.25,143790
1783605600,7561,7578,7529.5,7573.75,275403
1783612800,7574,7595,7573.75,7591.25,103100
1783620000,7591.5,7594,7581,7590.5,102943
1783627200,7590.5,7592,7584.5,7586.25,19311
1783634400,7588,7591.75,7583.75,7588.5,16413
1783641600,7588.5,7589.5,7574.75,7580.25,31607
1783648800,7580.25,7588.5,7577,7583.5,16583
1783656000,7583.5,7584.25,7575.5,7576.5,12297
1783663200,7576.5,7579.5,7569.75,7572.25,20977
1783670400,7572.25,7582.5,7568.5,7581,20120
1783677600,7581,7592.25,7580.75,7583.5,24223
1783684800,7583.5,7605.75,7577.25,7601.5,135670
1783692000,7601.5,7606.75,7552.25,7600.5,327879
1783699200,7600.25,7617,7600.25,7612.5,97617
1783706400,7612.75,7627.25,7612,7621,95954
1783713600,7621,7628.75,7618.25,7626,19413
1783893600,7607.25,7612,7591.5,7599.25,43853
1783900800,7599.25,7615.5,7588.5,7592.25,63241
1783908000,7592.25,7594.25,7582.5,7583.25,28019
1783915200,7583.25,7584.25,7566.25,7578.25,33072
1783922400,7578.25,7591.25,7574,7587.75,24939
1783929600,7588,7604,7586.75,7601.5,22182
1783936800,7601.75,7604.75,7592,7594,23248
1783944000,7594.25,7609.75,7585.75,7607.25,132050
1783951200,7607.25,7610.5,7573,7583.25,256608
1783958400,7583.25,7589.25,7560,7563.75,180200
1783965600,7563.75,7573.5,7551.5,7563,157524
1783972800,7563,7563.5,7547,7553.75,26180
1783980000,7558.25,7563.5,7541.5,7553.25,28774
1783987200,7553.5,7560.5,7539.5,7548.25,59888
1783994400,7548.25,7554.75,7531.75,7544,34025
1784001600,7544.25,7573.75,7538.5,7568.25,23790
1784008800,7568,7575,7552.25,7558.75,20562
1784016000,7559,7564.5,7551.5,7557.5,18792
1784023200,7557.75,7565.75,7543.5,7555.5,38291
1784030400,7555.5,7613.75,7544.5,7583.5,186544
1784037600,7583.75,7604.25,7556.5,7580,295654
1784044800,7580.25,7596.75,7570,7593.25,123551
1784052000,7593.5,7598.25,7586.75,7590.25,112925
1784059200,7590,7592.5,7585.5,7590.5,15356
1784066400,7590.5,7604.25,7582.75,7602.75,20989
1784073600,7602.75,7604.5,7592.5,7604.25,28435
1784080800,7604.25,7608.5,7601.25,7607,13320
1784088000,7607,7613.5,7602.5,7609.25,15120
1784095200,7609.25,7611.25,7593.25,7604.25,17898
1784102400,7604.5,7610.75,7595.75,7604.5,16509
1784109600,7604.75,7606.75,7597,7600.25,15389
1784116800,7600,7626.25,7592.25,7614.5,168233
1784124000,7614.5,7626,7591.75,7596,308507
1784131200,7596.25,7616,7571.75,7612.5,209655
1784138400,7612.25,7619.75,7600.5,7617.25,161100
1784145600,7617,7619.5,7608.75,7615.75,19087
1784152800,7615.75,7622.25,7613.25,7616.25,19336
1784160000,7616.25,7627.75,7610.25,7614.5,32214
1784167200,7614.75,7625.25,7611,7624.5,16450
1784174400,7624.5,7632,7615.25,7617,18083
1784181600,7617.25,7625,7600,7601.75,27313
1784188800,7601.75,7615.5,7593.5,7605.25,25977
1784196000,7605,7607.75,7580.5,7597.25,35501
1784203200,7597,7604,7575.25,7588,166911
1784210400,7587.75,7614.75,7585.25,7605,259201
1784217600,7605,7605.5,7579.5,7582.25,180702
1784224800,7582.5,7586.5,7548.25,7577,220046
1784232000,7577,7577.75,7566.25,7569,22171
1784239200,7571,7574.75,7556.75,7560.5,24942
1784246400,7560.5,7563.75,7535.25,7538.25,47098
1784253600,7538.25,7541.25,7524.25,7524.25,40083
1784260800,7524.25,7524.75,7503.25,7511.25,41934
1784268000,7511.25,7523.5,7508.75,7511.75,35132
1784275200,7511.75,7517,7491.25,7510,44524
1784282400,7510.25,7522,7507,7519,35364
1784289600,7518.75,7519.5,7473,7514,197288
1784296800,7514,7539,7504.75,7534,346038
1784304000,7534.5,7539,7508.75,7511,192555
1784311200,7511,7516.5,7486.25,7496.5,214170
1784318400,7496.75,7498,7484.5,7495,30538
1784498400,7484.5,7505.25,7482,7504.25,53371
1784505600,7504.25,7517.5,7490,7494.75,50261
1784512800,7494.75,7511,7493.5,7505.75,27725
1784520000,7505.75,7515,7494,7496.25,20789
1784527200,7496.25,7519.5,7490.75,7516,28102
1784534400,7516,7529,7510.5,7521.5,24043
1784541600,7521.5,7545.5,7516,7535.75,45865
1784548800,7535.5,7552.25,7519,7520.25,159013
1784556000,7520.75,7528.25,7501,7523.5,295142
1784563200,7523.75,7534,7499,7509.25,179702
1784570400,7509.25,7517.75,7478,7485.75,240214
1784577600,7485.75,7493.25,7476.75,7483.5,25241
1784584800,7483.75,7491,7473.25,7485.25,25825
1784592000,7485,7499.5,7473.75,7492.75,41941
1784599200,7493,7513,7488.5,7513,23463
1784606400,7513,7523.25,7510,7520.75,16465
1784613600,7520.75,7528,7513.75,7517.75,21546
1784620800,7517.75,7528,7515.75,7522.5,17825
1784628000,7522.5,7529.75,7512.5,7515,38410
1784635200,7515,7530.25,7504.5,7516.5,173694
1784642400,7516.75,7544,7510.5,7538.75,299153
1784649600,7538.5,7554.25,7538.25,7549,111603
1784656800,7549.25,7550.75,7542.25,7545.75,125725
1784664000,7545.75,7547,7540.75,7542.75,20223
1784671200,7545,7545.5,7538.25,7543.5,16701
1784678400,7543,7547,7534.25,7540.75,29294
1784685600,7541,7545,7534.25,7535.5,17677
1784692800,7535.25,7539.25,7532,7536.5,11534
1784700000,7536.25,7536.5,7512,7516,30647
1784707200,7516.5,7531.75,7514.75,7526.25,25018
1784714400,7526.5,7533.25,7511.5,7517.25,33505
1784721600,7517.5,7550,7503.25,7550,144123
1784728800,7549.75,7560.75,7528.75,7560,269749
1784736000,7560.25,7563,7546,7547.75,104537
1784743200,7547.5,7549.75,7535.5,7536.75,142008
1784750400,7537,7553.75,7531.75,7541,38074
1784757600,7535,7536,7515.75,7530.25,34120
1784764800,7530.5,7550,7527.75,7538.75,44284
1784772000,7538.5,7541.75,7520.5,7527,30520
1784779200,7527,7535.75,7521.25,7522.75,21035
1784786400,7522.5,7526.5,7495.25,7504.5,40271
1784793600,7504.25,7525.75,7498.5,7511.25,33688
1784800800,7511.5,7524,7490,7499.75,52446
1784808000,7500,7501.5,7444.75,7455.75,267949
1784815200,7455.75,7469.75,7411.75,7438.25,416422
1784822400,7438.5,7457.5,7431.5,7432.25,202967
1784829600,7432,7447.75,7418.5,7444,167871
1784836800,7443.75,7458.25,7443.25,7455.5,27503
1784844000,7453,7454.25,7443,7449,24022
1784851200,7449.25,7459.25,7443.5,7451.25,36920
1784858400,7451,7453.5,7436.75,7437.5,23716
1784865600,7437.5,7450.25,7435.25,7442,20073
1784872800,7442.25,7463.5,7433.5,7456.5,31100
1784880000,7456.75,7467.5,7449.25,7465.75,27846
1784887200,7465.75,7469,7453.25,7465,28227
1784894400,7464.75,7467.75,7431.25,7433,195635
1784901600,7433.5,7492,7431.5,7489.75,383307
1784908800,7489.75,7496.5,7461.25,7468.75,186184
1784916000,7469,7472,7432,7448,189958
1784923200,7448,7450,7439.25,7444,24107
1785103200,7489,7512.25,7486.5,7510.75,43063
1785110400,7511,7512.25,7487,7498,46970
1785117600,7498.25,7503.5,7495.75,7499.5,18381
1785124800,7499.75,7515.5,7498.75,7514.5,16731
1785132000,7514.25,7520.25,7505.5,7505.75,25192
1785139200,7505.75,7524.5,7505.5,7522.25,21660
1785146400,7522.25,7524.5,7508,7511.75,23454
1785153600,7511.75,7515.25,7473.75,7473.75,177338
1785160800,7474,7479.25,7421.25,7432.75,469460
1785168000,7433,7455.25,7416.25,7436.25,218965
1785175200,7436.25,7456.75,7424,7449.25,165220
1785182400,7449,7456.5,7444.75,7453.25,20263
1785189600,7453.25,7456.5,7440,7447.75,22235
1785196800,7448.25,7452,7425,7434.5,45003
1785204000,7434.5,7442,7424,7440,28845
1785211200,7440.25,7440.25,7419,7420.75,22001
1785218400,7421,7438.75,7419.25,7433.25,27447
1785225600,7433.5,7449.25,7425.5,7439.75,29592
1785232800,7439.5,7452.5,7432.5,7451,53612
1785240000,7451,7464,7417,7421.75,219951
1785247200,7421.75,7482.25,7420,7479.5,407175
1785254400,7479.75,7485.75,7462.5,7469.5,182420
1785261600,7469.75,7477.75,7462,7466.25,143597
1785268800,7466,7474,7458.5,7467.75,25212
1785276000,7465.25,7495,7449.25,7494.75,58406
1785283200,7494.75,7501,7455,7455.25,63516
1785290400,7455.25,7469,7445,7447.5,43766
1785297600,7447.75,7462.75,7438.25,7457.5,35789
1785304800,7457.5,7485,7451.25,7481.5,34416
1785312000,7481.25,7492,7469,7485.75,32692
1785319200,7485.75,7488.5,7476,7481,29539
1785326400,7480.75,7481.5,7422,7430,213381
1785333600,7430,7439.5,7385.75,7393,379122
1785340800,7393.25,7428.5,7373,7420.25,228140
1785348000,7420.25,7482.5,7346,7350.25,477963
1785355200,7350,7356,7323.25,7335.25,51072
1785362400,7335.5,7382.5,7330.75,7378.25,57695
1785369600,7378.5,7392.5,7367.75,7388.75,56265
1785376800,7388.5,7393,7369.5,7375.25,30738
1785384000,7375,7379.25,7362.25,7368.75,27438
1785391200,7368.5,7382.25,7354,7359.5,47448
1785398400,7359.75,7388,7351.75,7374.25,35110
1785405600,7374.5,7402,7371.25,7399.75,38044
1785412800,7399.5,7440,7392.75,7439.75,218427
1785420000,7439.5,7446.5,7398.75,7424.5,403218
1785427200,7424.5,7457.75,7421.75,7451.5,178327
1785434400,7451.75,7478.5,7450.75,7472.75,170707
1785441600,7473,7498,7468.25,7474.5,40311
1785448800,7478.5,7491.75,7467.75,7487.75,31030
1785456000,7487.75,7504.5,7484.5,7498,35550
1785463200,7497.75,7500.75,7488.5,7497,22919
1785470400,7497,7511,7492.25,7508.5,19255
1785477600,7508.25,7511.5,7492,7506.75,24782
1785484800,7506.5,7517.75,7502.75,7504,22750
1785492000,7504.25,7512,7494.25,7499.5,26328
1785499200,7499.5,7515.25,7466.5,7470.75,206829
1785506400,7470.5,7485,7427.5,7482.5,470225
1785513600,7482.5,7516.75,7475.75,7505.75,185749
1785520800,7506,7541,7504.25,7520,199233
1785528000,7520.25,7527.5,7498.25,7502.5,37930
1785708000,7549.75,7558.25,7543.5,7551.5,40317
1785715200,7551.5,7558.75,7545.25,7558,33478
1785722400,7558.25,7564.75,7556.5,7561.75,17736
1785729600,7561.75,7567,7560.5,7563,11565
1785736800,7563.25,7566.25,7552.75,7559.75,23308
1785744000,7559.75,7560.25,7547.25,7557.5,23620
1785751200,7557.25,7567.75,7555.5,7557.25,25046
1785758400,7557.25,7588.25,7542.75,7587.5,189678
1785765600,7588.25,7614,7582.5,7611.25,226265
1785772800,7611.5,7629.75,7609.25,7628.25,118990
1785780000,7628.25,7638.5,7625,7628.5,165486
1785787200,7628.5,7638.25,7625.25,7631.25,24670
1785794400,7630.75,7636.75,7628.75,7635.75,15448
1785801600,7635.5,7647.5,7629.25,7646.25,32124
1785808800,7646.5,7647.5,7638,7644.5,21160
1785816000,7644.75,7649,7641.75,7647.5,10679
1785823200,7647.5,7650,7641.25,7643.5,19931
1785830400,7643.5,7646,7631.75,7637.5,23207
1785837600,7637.75,7658,7635.75,7654.5,41276
1785844800,7654.5,7686.75,7649.25,7685.25,158023
1785852000,7685.25,7741.25,7682.5,7736.5,289033
1785859200,7736.5,7783.75,7733.25,7768,179297
1785866400,7768,7786,7761.25,7764.25,212176
1785873600,7764.25,7781,7761.5,7774.5,42140
1785880800,7772.75,7783.25,7771,7777.25,21159
1785888000,7777.75,7786,7776,7784.25,23306
1785895200,7784.25,7792.25,7783,7792,19394
1785902400,7792,7799.75,7788,7798.75,14049
1785909600,7798.5,7799.5,7788,7793,17837
1785916800,7793,7796.75,7780,7788.25,22615
1785924000,7788.5,7799.75,7787.5,7798.25,21799
1785931200,7798,7820.25,7794.75,7819,183043
1785938400,7818.75,7818.75,7754.5,7757.75,365189
1785945600,7757.75,7773.75,7750.5,7767,183190
1785952800,7767,7774.75,7745.75,7748,134791
1785960000,7748,7761.75,7747,7758.5,27998
1785967200,7758,7771,7756.75,7761.75,25082
1785974400,7762,7763.25,7748,7755,29812
1785981600,7755,7768,7754.75,7763.25,20515
1785988800,7763.75,7765.75,7759.5,7765,9222
1785996000,7765.25,7765.25,7753.75,7758.25,15248
1786003200,7758.25,7767.5,7750,7767,19373
1786010400,7767,7767.25,7750.5,7759.75,27734
1786017600,7759.75,7765.75,7740.25,7759.25,161413
1786024800,7759.25,7768.5,7729,7731,349091
1786032000,7731.25,7741.75,7724.25,7736,171920
1786039200,7736.25,7747.75,7727,7735.5,188710
1786046400,7735.25,7741.25,7728,7731.75,26528
1786053600,7734.75,7741,7729.75,7740,14960
1786060800,7740,7742.5,7727.25,7732.75,30561
1786068000,7732.75,7735,7726.75,7729.25,11789
1786075200,7729.5,7736.75,7725.25,7731.75,10073
1786082400,7732,7742.75,7731.5,7740.5,12230
1786089600,7740.5,7748.75,7740.25,7745.75,14217
1786096800,7746,7756.75,7744,7748.75,17458
1786104000,7748.75,7779,7747.25,7757.75,193950
1786111200,7758,7786.75,7743.25,7778,306564
1786118400,7778,7781.25,7757.75,7768.75,160667
1786125600,7768.75,7785.5,7756,7778.5,180318
1786132800,7778.5,7781,7773,7777.25,20876
1786312800,7777,7779.75,7763.5,7767,27714
1786320000,7766.75,7781.5,7765.25,7780.5,28868
1786327200,7780.5,7786.25,7777.5,7783.5,12349
1786334400,7783.75,7791.25,7782,7790.75,11877
1786341600,7790.75,7796.5,7783.75,7792.25,18910
1786348800,7792.25,7794,7788.5,7789.25,9188
1786356000,7789.25,7791,7778.5,7782.25,21695
1786363200,7782.25,7785.75,7769.25,7781,125630
1786370400,7780.75,7797,7778,7789.75,242230
1786377600,7789.75,7791.25,7763.75,7774,147681
1786384800,7773.75,7781.25,7769.5,7778,126751
1786392000,7778,7778.5,7773,7777,14841
1786399200,7778.5,7781.25,7766.75,7770.75,16149
1786406400,7770.75,7786.5,7767.75,7783.25,24623
1786413600,7783.25,7789.25,7782.5,7786.75,9986
1786420800,7786.75,7789.5,7780.5,7781,9307
1786428000,7780.75,7784.5,7770.5,7776,17955
1786435200,7776.25,7780.5,7770,7778,15601
1786442400,7778,7796,7775.25,7789.25,30317
1786449600,7789.25,7795,7771.75,7782.25,136516
1786456800,7782.5,7787,7762.5,7765.5,261475
1786464000,7765.5,7770,7747.75,7757.5,161967
1786471200,7757.5,7757.75,7739.25,7750,179140
1786478400,7749.75,7757.75,7746.75,7753.25,21316
1786485600,7755.75,7756.75,7750.5,7755.5,10288
1786492800,7755.25,7755.25,7748.5,7749.5,15451
1786500000,7749.75,7756.5,7749.5,7755.25,7906
1786507200,7755.5,7758,7752.75,7756.75,5969
1786514400,7756.75,7761.5,7754,7759.25,9948
1786521600,7759.5,7773.5,7758.25,7766.5,18030
1786528800,7766.25,7771.5,7759,7770.75,17993
1786536000,7770.5,7794,7760.25,7770.5,190271
1786543200,7770.5,7777.75,7756.25,7764.75,268901
1786550400,7764.75,7777.5,7764.25,7772.5,112389
1786557600,7772.5,7781,7764.5,7769.75,119762
1786564800,7769.75,7778,7766.25,7766.5,20039
1786572000,7769.5,7771.5,7766.75,7768.5,11346
1786579200,7768.25,7773.5,7764.25,7770.25,17251
1786586400,7770.5,7775.5,7768,7775,10277
1786593600,7775,7780.5,7772,7776.25,9129
1786600800,7776.5,7780.25,7773.75,7777.75,10288
1786608000,7778,7784.75,7775,7784.25,12095
1786615200,7784.25,7789,7782.5,7783.75,10185
1786622400,7784,7821.5,7778,7820.75,156000
1786629600,7820.75,7838.5,7797.75,7799,314008
1786636800,7799,7819.25,7798.5,7811.75,136064
1786644000,7812,7828.75,7811,7823.25,150372
1786651200,7823.25,7825.5,7818.5,7825.25,23493
1786658400,7823.75,7827.5,7822.75,7825.75,9581
1786665600,7825.75,7828.75,7820.25,7823.5,14423
1786672800,7823.5,7827.75,7823.5,7824.25,8343
1786680000,7824.25,7826,7821.5,7824.5,6791
1786687200,7824.5,7824.75,7820,7823.5,8033
1786694400,7823.5,7828.5,7822.25,7827.5,10946
1786701600,7827.5,7830.75,7825.5,7829.5,12772
1786708800,7829.5,7832,7819.25,7826,115838
1786716000,7825.75,7830.75,7800,7804.5,230762
1786723200,7804.5,7810.25,7796.5,7800.5,125393
1786730400,7800.75,7807.5,7799.5,7805.5,131847
1786737600,7805.25,7806,7800,7802,18662