appId,title,developer,score,ratings,reviews,installs,genre,url
com.calm.calm,Calm,Msoft Ghana Limited,,,,16,Health & Fitness,https://play.google.com/store/apps/details?id=com.calm.calm&hl=en&gl=us
com.myfitnesspal.android,MyFitnessPal: Calorie Counter,"MyFitnessPal, Inc.",4.402043,2911203,454155,136025108,Health & Fitness,https://play.google.com/store/apps/details?id=com.myfitnesspal.android&hl=en&gl=us
com.thehungrywasp.iamsober,I Am Sober,I Am Sober LLC,4.7374816,140459,12329,12426384,Lifestyle,https://play.google.com/store/apps/details?id=com.thehungrywasp.iamsober&hl=en&gl=us
app.sunflowersober.com,Sober Day Counter - Sunflower,Sunflower Sober - Quit Tracker,4.763754,5748,561,477726,Health & Fitness,https://play.google.com/store/apps/details?id=app.sunflowersober.com&hl=en&gl=us
com.trifoiltrailblazer.sober_tracker,Sober Tracker: Quit Alcohol,Trifoil Trailblazer,4.86,1102,24,43366,Health & Fitness,https://play.google.com/store/apps/details?id=com.trifoiltrailblazer.sober_tracker&hl=en&gl=us
com.freshpath.app,FreshPath - Sobriety Counter,Michael Lugo,,,,309,Lifestyle,https://play.google.com/store/apps/details?id=com.freshpath.app&hl=en&gl=us
com.sidekick.app.sobersidekick,Sober Sidekick: Quit Addiction,Empathy Health Tech,4.8186245,24472,3781,1218592,Health & Fitness,https://play.google.com/store/apps/details?id=com.sidekick.app.sobersidekick&hl=en&gl=us
com.chora.SoberUp,GoSober: Sobriety Tracker,Chiaro Apps,,,,346,Lifestyle,https://play.google.com/store/apps/details?id=com.chora.SoberUp&hl=en&gl=us
com.tilakapps.soberTracker,Sober Tracker: Go Alcohol Free,Tilak Shakya,,,,1041,Health & Fitness,https://play.google.com/store/apps/details?id=com.tilakapps.soberTracker&hl=en&gl=us
com.abdullah.sober,Sober: Sobriety Habit Tracker,Abdullah Riaz,4.74359,107,10,12269,Lifestyle,https://play.google.com/store/apps/details?id=com.abdullah.sober&hl=en&gl=us
com.glucobit.reframe,Reframe: Cut Back on Alcohol,Glucobit Inc.,4.3550134,5752,649,670358,Health & Fitness,https://play.google.com/store/apps/details?id=com.glucobit.reframe&hl=en&gl=us
com.sociosoft.sobertime,Sober Time - Sober Day Counter,Sociosoftware LLC,4.7854834,65029,11992,1716955,Lifestyle,https://play.google.com/store/apps/details?id=com.sociosoft.sobertime&hl=en&gl=us
app.sobermark,Sobermark: Sober Day Counter,Digital Highrise Ltd,,,,35,Health & Fitness,https://play.google.com/store/apps/details?id=app.sobermark&hl=en&gl=us
org.sobersideup.plus,Sober Side Up Plus,Sober Side Up Studios,,,,4,Lifestyle,https://play.google.com/store/apps/details?id=org.sobersideup.plus&hl=en&gl=us
com.soberbud.app,SoberBud – Sobriety Counter,Fishline Media,4.2222223,10,5,2726,Health & Fitness,https://play.google.com/store/apps/details?id=com.soberbud.app&hl=en&gl=us
com.loosidapp,Loosid: Sober Recovery Network,Loosid App LLC,4.6896553,1253,516,190094,Social,https://play.google.com/store/apps/details?id=com.loosidapp&hl=en&gl=us
com.alcohol_free_tracker.sober_counter,SoberMe - Alcohol Free Tracker,Frostrabbit LLC,,,,338,Lifestyle,https://play.google.com/store/apps/details?id=com.alcohol_free_tracker.sober_counter&hl=en&gl=us
com.affecttherapeutics,Affect: Addiction Recovery,Affect Therapeutics,4.4462366,3717,1274,466704,Medical,https://play.google.com/store/apps/details?id=com.affecttherapeutics&hl=en&gl=us
com.twelve_steps.twelve_steps,OpenRecovery,OpenRecovery,4.69,1045,143,56342,Health & Fitness,https://play.google.com/store/apps/details?id=com.twelve_steps.twelve_steps&hl=en&gl=us
org.mindshiftrecovery.app,Mindshift Recovery,Mindshift Recovery,4.7380953,75,2,4035,Health & Fitness,https://play.google.com/store/apps/details?id=org.mindshiftrecovery.app&hl=en&gl=us
com.regaincontrol.app,Addiction Recovery,Paul Resiga,,,,8,Health & Fitness,https://play.google.com/store/apps/details?id=com.regaincontrol.app&hl=en&gl=us
org.smartrecovery.mobile,SMART Recovery,SMART Recovery USA,4.58,230,51,98382,Lifestyle,https://play.google.com/store/apps/details?id=org.smartrecovery.mobile&hl=en&gl=us
bzn.quit.smoking.addiction,Quitvana - Quit Addiction,Verselingo Communications Limited,4.12766,708,18,45180,Health & Fitness,https://play.google.com/store/apps/details?id=bzn.quit.smoking.addiction&hl=en&gl=us
com.recoverypath,Recovery Path - Addiction Help,Recovery Record,4.846966,4433,1726,189713,Medical,https://play.google.com/store/apps/details?id=com.recoverypath&hl=en&gl=us
the.phoenix.android,NewForm: Recovery & Wellbeing,"The Phoenix - Rise, Recover, and Live",4.7432737,8906,680,486956,Lifestyle,https://play.google.com/store/apps/details?id=the.phoenix.android&hl=en&gl=us
fhw.com.myrecovery,myrecovery,Healthcare Outcomes Performance Company Ltd.,4.4455447,1196,95,95382,Health & Fitness,https://play.google.com/store/apps/details?id=fhw.com.myrecovery&hl=en&gl=us
me.gambless.app,Gambling Addiction Recovery,Mindspa Health,4,54,2,18909,Education,https://play.google.com/store/apps/details?id=me.gambless.app&hl=en&gl=us
com.herzberg.easyquitsdrinking,Sobriety Counter - EasyQuit,Easy Health Apps,4.7012525,58356,4244,1474666,Health & Fitness,https://play.google.com/store/apps/details?id=com.herzberg.easyquitsdrinking&hl=en&gl=us
com.msint.quitedrinking,Quit Drinking – Stay Sober,MS International,4.6237626,2743,157,259709,Health & Fitness,https://play.google.com/store/apps/details?id=com.msint.quitedrinking&hl=en&gl=us
com.herzberg.easyquitsdrinkingPro,Sobriety Counter -EasyQuit pro,Easy Health Apps,4.953125,4232,367,28154,Health & Fitness,https://play.google.com/store/apps/details?id=com.herzberg.easyquitsdrinkingPro&hl=en&gl=us
com.despdev.quitzilla,Quitzilla: Quit Habit Tracker,despDev,4.612903,96150,1832,3365734,Lifestyle,https://play.google.com/store/apps/details?id=com.despdev.quitzilla&hl=en&gl=us
app.rebuild.sober.quite.alco,Rebuild: Quit Drinking Alcohol,Must Have Apps.,5,35,1,578,Health & Fitness,https://play.google.com/store/apps/details?id=app.rebuild.sober.quite.alco&hl=en&gl=us
com.teampenguin.sober,Sober: Quit Drinking Hypnosis,Team Penguin Studio,4.2580647,67,3,5296,Health & Fitness,https://play.google.com/store/apps/details?id=com.teampenguin.sober&hl=en&gl=us
com.soberise.Soberise,Soberise: Quit Drinking,Soberise Labs,,,,60,Health & Fitness,https://play.google.com/store/apps/details?id=com.soberise.Soberise&hl=en&gl=us
bzn.quit.drinking.alcohol,Sobelio -Quit drinking alcohol,Verselingo Communications Limited,,,,3157,Health & Fitness,https://play.google.com/store/apps/details?id=bzn.quit.drinking.alcohol&hl=en&gl=us
uk.org.alcoholconcern.dryjanuary,Try Dry: Dry January® & beyond,Alcohol Change UK,4.7211537,4258,107,485072,Health & Fitness,https://play.google.com/store/apps/details?id=uk.org.alcoholconcern.dryjanuary&hl=en&gl=us
com.subsplashconsulting.s_5CQ8WX,FREE Recovery Community,Free Spiritual Community,5,7,5,1395,Lifestyle,https://play.google.com/store/apps/details?id=com.subsplashconsulting.s_5CQ8WX&hl=en&gl=us
com.devgurus.cleanrecovery.file,Clean Recovery,Cerkimot Enboopea,3.8846154,79,13,38913,Tools,https://play.google.com/store/apps/details?id=com.devgurus.cleanrecovery.file&hl=en&gl=us
com.mightybell.recovery20,Recovery 2.0,Mighty Networks,,,,1183,Health & Fitness,https://play.google.com/store/apps/details?id=com.mightybell.recovery20&hl=en&gl=us
com.dararecovery.app,Dara Recovery: Addiction,SalTech+,,,,7,Health & Fitness,https://play.google.com/store/apps/details?id=com.dararecovery.app&hl=en&gl=us
app.emergent.vybesrecovery26a695dbf,Recovery Companion: Stay Sober,Vybeanderson,,,,1620,Tools,https://play.google.com/store/apps/details?id=app.emergent.vybesrecovery26a695dbf&hl=en&gl=us
com.mightybell.birthrecoverycenter,Birth Recovery Center,Mighty Networks,4.75,538,300,33216,Health & Fitness,https://play.google.com/store/apps/details?id=com.mightybell.birthrecoverycenter&hl=en&gl=us
com.carlodips.soberup,Sober Up - Addiction Tracker,carlodips,4.642857,57,9,9071,Lifestyle,https://play.google.com/store/apps/details?id=com.carlodips.soberup&hl=en&gl=us
com.anmolsoftware12345.sobertracker,Sober Tracker: Quit Drinking,Anmol Kulshreshtha,,,,151,Health & Fitness,https://play.google.com/store/apps/details?id=com.anmolsoftware12345.sobertracker&hl=en&gl=us
com.artmvstd.daysTracker,SobrMate: Days Clean Tracker,Artmvstd,4.44,661,24,27349,Productivity,https://play.google.com/store/apps/details?id=com.artmvstd.daysTracker&hl=en&gl=us
com.bilaal5279.SoberTracker,Sober Tracker: Quit Drinking,DigitalSprout,,,,312,Health & Fitness,https://play.google.com/store/apps/details?id=com.bilaal5279.SoberTracker&hl=en&gl=us
com.grata.recovery,Sobo: Sober Best Friend,Grata Health,4.465517,105,15,8723,Health & Fitness,https://play.google.com/store/apps/details?id=com.grata.recovery&hl=en&gl=us
com.brainbuddy.android,Brainbuddy: Quit Porn Forever,AppStudio Australia Pty Ltd,4.644565,30179,910,829081,Health & Fitness,https://play.google.com/store/apps/details?id=com.brainbuddy.android&hl=en&gl=us
com.cpark.nobee,NoBeep: Quit Porn & Reboot,tech.neep,4.85,13608,410,307623,Health & Fitness,https://play.google.com/store/apps/details?id=com.cpark.nobee&hl=en&gl=us
com.extendztech.quit,Rewire - Quit porn addiction,Extendztech,4.759259,6634,88,74904,Productivity,https://play.google.com/store/apps/details?id=com.extendztech.quit&hl=en&gl=us
com.stopporn.quitaddiction,Quitum - Quit porn addiction,AiraMind,4.4226804,2010,14,63817,Lifestyle,https://play.google.com/store/apps/details?id=com.stopporn.quitaddiction&hl=en&gl=us
com.mindgarden.seed,Seed: Gamify No Nut Quit Porn,Quiet Games.,4.427203,69501,1081,1033346,Health & Fitness,https://play.google.com/store/apps/details?id=com.mindgarden.seed&hl=en&gl=us
com.digitallence.quitbuddy,QuitBuddy: No Nut - Quit Porn,HAZNEDAR TEKNOLOJI LIMITED SIRKETI,4.5,6766,15,97154,Health & Fitness,https://play.google.com/store/apps/details?id=com.digitallence.quitbuddy&hl=en&gl=us
reboot.no.relapse,Reboot: Quit Porn Addiction,Reboot Universe,4.61,2658,49,162583,Health & Fitness,https://play.google.com/store/apps/details?id=reboot.no.relapse&hl=en&gl=us
app.jointribe,Relay: Quit Porn Addiction,Relay Health Inc.,4.947977,4681,148,56358,Lifestyle,https://play.google.com/store/apps/details?id=app.jointribe&hl=en&gl=us
com.ch.give_up_sex,Transform: Quit Porn Blocker,CaiHan,4.625,1550,12,79591,Health & Fitness,https://play.google.com/store/apps/details?id=com.ch.give_up_sex&hl=en&gl=us
bzn.quit.porn.addiction,Quitzen -Quit porn addiction,Verselingo Communications Limited,,,,189,Health & Fitness,https://play.google.com/store/apps/details?id=bzn.quit.porn.addiction&hl=en&gl=us
com.akshat8605.reboot,Unlust - Quit Porn Forever,Janki Studio,4.51,1389,8,31226,Health & Fitness,https://play.google.com/store/apps/details?id=com.akshat8605.reboot&hl=en&gl=us
com.keji.quittr,Quitter: Quit Porn Recovery,Urge Reset Labs,5,115,17,4179,Health & Fitness,https://play.google.com/store/apps/details?id=com.keji.quittr&hl=en&gl=us
com.applostudio.Unchaind,Unchaind: Quit Porn with Faith,Rocapine,4.7310987,33903,1175,189488,Health & Fitness,https://play.google.com/store/apps/details?id=com.applostudio.Unchaind&hl=en&gl=us
com.quittrapp.quittr_mobile_application_2,QUITTR - Quit Porn Now,QUITTR,4.485477,14515,244,445778,Health & Fitness,https://play.google.com/store/apps/details?id=com.quittrapp.quittr_mobile_application_2&hl=en&gl=us
app.trueally.TrueAlly,TrueAlly: Quit Porn for Life,TrueAlly,4.5,97,3,3550,Health & Fitness,https://play.google.com/store/apps/details?id=app.trueally.TrueAlly&hl=en&gl=us
com.filipangelov.Resolve,RESOLVE: Quit Porn Forever,Reclaimed Man,4.3267326,1251,15,20157,Health & Fitness,https://play.google.com/store/apps/details?id=com.filipangelov.Resolve&hl=en&gl=us
com.overcomer.app,Overcomer - Quit Porn Now,Overcomer App,4.7029705,2117,28,25167,Health & Fitness,https://play.google.com/store/apps/details?id=com.overcomer.app&hl=en&gl=us
com.neverfap.mobile,Neverfap: Quit Porn Addiction,Neverfap Mobil,,,,134,Health & Fitness,https://play.google.com/store/apps/details?id=com.neverfap.mobile&hl=en&gl=us
com.devstudio.still,Still : Gambling Recovery,Ayman Tajjiui,,,,31,Health & Fitness,https://play.google.com/store/apps/details?id=com.devstudio.still&hl=en&gl=us
app.getevive.production.evive_app,Evive: Gambling Support,"Evive, Inc.",4.7714286,93,14,3347,Lifestyle,https://play.google.com/store/apps/details?id=app.getevive.production.evive_app&hl=en&gl=us
com.boulevardlegacy.quitbet,QuitBet - Quit Gambling,Boulevard Legacy LLC,2.5,28,7,6490,Productivity,https://play.google.com/store/apps/details?id=com.boulevardlegacy.quitbet&hl=en&gl=us
mobile.betblocker,BetBlocker: Gambling Exclusion,BetBlocker,2.7272727,3488,47,272670,Parenting,https://play.google.com/store/apps/details?id=mobile.betblocker&hl=en&gl=us
com.kobyconradsunflower.cashedout,Quit Gambling: by Cashed Out,Sunflower Sober - Quit Tracker,,,,666,Health & Fitness,https://play.google.com/store/apps/details?id=com.kobyconradsunflower.cashedout&hl=en&gl=us
com.gamban.beanstalkhps.gambanapp,Block Online Gambling - Gamban,Gamban,4.37,4849,81,890627,Tools,https://play.google.com/store/apps/details?id=com.gamban.beanstalkhps.gambanapp&hl=en&gl=us
com.adrienblc.habitstracker,Habit Tracker - Habit Streak,BLANC DAHAMNI CAPITAL,4.267327,3646,38,134191,Productivity,https://play.google.com/store/apps/details?id=com.adrienblc.habitstracker&hl=en&gl=us
com.habitpixel.app,Habit Pixel: Streak Tracker,Hirvesh Munogee,4.47,809,172,72889,Productivity,https://play.google.com/store/apps/details?id=com.habitpixel.app&hl=en&gl=us
com.roehl.habitkit,Habit Tracker - HabitKit,Sebastian Röhl,4.696,11577,300,727529,Productivity,https://play.google.com/store/apps/details?id=com.roehl.habitkit&hl=en&gl=us
com.focusstreak.app,Focus Streak - Habit Tracker,CodeMadeBiz,,,,4402,Productivity,https://play.google.com/store/apps/details?id=com.focusstreak.app&hl=en&gl=us
app.gainaura.habits,Aura: Habit Tracker & Streaks,Must Have Apps.,4.6923075,360,4,16537,Productivity,https://play.google.com/store/apps/details?id=app.gainaura.habits&hl=en&gl=us
app.vinztech.tickit,Habit Tracker - TickOff,vinztech.app,4.57,3139,22,235822,Productivity,https://play.google.com/store/apps/details?id=app.vinztech.tickit&hl=en&gl=us
com.gohary.habitradar,Habit Tracker - Habit Radar,Goal Tracker,4.51,5450,39,185377,Productivity,https://play.google.com/store/apps/details?id=com.gohary.habitradar&hl=en&gl=us
com.studio.hellohabit,HelloHabit - Habit Tracker,"RightLife, Inc.",4.525346,6728,274,456756,Productivity,https://play.google.com/store/apps/details?id=com.studio.hellohabit&hl=en&gl=us
com.eShahid.habit_tracker.daily_habit.habits_daily_routine.daily_palnner,Habit Tracker: Streaks & Goals,Shahid eSoft,,,,5,Productivity,https://play.google.com/store/apps/details?id=com.eShahid.habit_tracker.daily_habit.habits_daily_routine.daily_palnner&hl=en&gl=us
com.executionhelper.habittick,HabitTick-Habit Tracker & Todo,AbhishekSaini98,4.375,912,2,87079,Productivity,https://play.google.com/store/apps/details?id=com.executionhelper.habittick&hl=en&gl=us
org.isoron.uhabits,Loop Habit Tracker,Álinson S Xavier,4.7275496,63089,3409,7776648,Productivity,https://play.google.com/store/apps/details?id=org.isoron.uhabits&hl=en&gl=us
com.smarttoolsdev.habittracker,Habit Tracker Daily Streak,SmartToolsDev,,,,25,Productivity,https://play.google.com/store/apps/details?id=com.smarttoolsdev.habittracker&hl=en&gl=us
xyz.thefor.habits.habits,TheFor: Habit Tracker,TheFor,4.17,3491,85,815386,Productivity,https://play.google.com/store/apps/details?id=xyz.thefor.habits.habits&hl=en&gl=us
com.habitgenius.habit.tracker,Habit Tracker - HabitGenius,Ashish Mangukiya,4.45,7961,40,592920,Productivity,https://play.google.com/store/apps/details?id=com.habitgenius.habit.tracker&hl=en&gl=us
com.gethabitbook.app,Habit Tracker - Habit Book,REFBUCKS MEDIA LLP,4.6,26,4,3300,Productivity,https://play.google.com/store/apps/details?id=com.gethabitbook.app&hl=en&gl=us
de.moodpath.android,MindDoc: Mental Health Support,MindDoc Health GmbH,4.2071586,40159,3894,1919005,Health & Fitness,https://play.google.com/store/apps/details?id=de.moodpath.android&hl=en&gl=us
com.betterhelp,BetterHelp - Therapy,BetterHelp - Therapy Made Easy,4.5912533,65078,8651,4215410,Health & Fitness,https://play.google.com/store/apps/details?id=com.betterhelp&hl=en&gl=us
com.theinnerhour.b2b,Amaha: Mental Health Therapy,Amaha Health,4.225722,29388,1827,4945967,Health & Fitness,https://play.google.com/store/apps/details?id=com.theinnerhour.b2b&hl=en&gl=us
com.gen.bettermeditation,BetterMe: Mental Health,BetterMe Limited,4.4545455,66491,1637,5754572,Health & Fitness,https://play.google.com/store/apps/details?id=com.gen.bettermeditation&hl=en&gl=us
com.kooth.serenity,Soluna: Mental Health Care,Kooth,4.6573424,1491,289,588350,Health & Fitness,https://play.google.com/store/apps/details?id=com.kooth.serenity&hl=en&gl=us
com.mypossibleself.app,‎MyPossibleSelf: Mental Health,My Possible Self Ltd,4.521951,6193,495,586224,Health & Fitness,https://play.google.com/store/apps/details?id=com.mypossibleself.app&hl=en&gl=us
com.talkspace.talkspaceapp,Talkspace Therapy & Counseling,Talkspace,4.5026736,10499,2804,936333,Health & Fitness,https://play.google.com/store/apps/details?id=com.talkspace.talkspaceapp&hl=en&gl=us
xyz.slingshot.ashley.app,Ash - AI for Mental Health,Talk to Ash,4.7685776,5905,1600,223635,Health & Fitness,https://play.google.com/store/apps/details?id=xyz.slingshot.ashley.app&hl=en&gl=us
com.sparkwave.mindease,CALMzone: Anxiety Support,Campaign Against Living Miserably (CALM),3.98,1351,112,269704,Health & Fitness,https://play.google.com/store/apps/details?id=com.sparkwave.mindease&hl=en&gl=us
com.sevencupsoftea.app,7 Cups: Online Therapy & Chat,7 Cups of Tea,3.3488371,22226,4160,1867758,Health & Fitness,https://play.google.com/store/apps/details?id=com.sevencupsoftea.app&hl=en&gl=us
com.rootd,Rootd - Anxiety & Panic Relief,Simply Rooted Media,4.3843284,38222,638,2705029,Health & Fitness,https://play.google.com/store/apps/details?id=com.rootd&hl=en&gl=us
com.bstro.MindShift,MindShift CBT - Anxiety Relief,247 Labs Inc.,3.67,2174,198,805525,Health & Fitness,https://play.google.com/store/apps/details?id=com.bstro.MindShift&hl=en&gl=us
com.switch_android,Stress Therapy: Neurocycle,Switch on Your Brain International LLC,3.67,1493,483,221400,Health & Fitness,https://play.google.com/store/apps/details?id=com.switch_android&hl=en&gl=us
com.museLIVE.quabbleapp,Quabble: Daily Mental Health,museLIVE Inc.,4.647059,12640,343,799974,Health & Fitness,https://play.google.com/store/apps/details?id=com.museLIVE.quabbleapp&hl=en&gl=us
com.excelatlife.panic,Quieting Anxiety: CBT Tools,Excel At Life,4.79,2845,579,528947,Health & Fitness,https://play.google.com/store/apps/details?id=com.excelatlife.panic&hl=en&gl=us
ie.armour.dare2,Dare: Anxiety & Panic Attacks,BMD Publishing,4.7336063,14508,1693,950491,Health & Fitness,https://play.google.com/store/apps/details?id=ie.armour.dare2&hl=en&gl=us
app.becomeunstuck.unstuck,Unstuck: CBT Therapy Journal,Unstuck Developments LLC,4.7737226,5683,773,361366,Health & Fitness,https://play.google.com/store/apps/details?id=app.becomeunstuck.unstuck&hl=en&gl=us
com.trifoiltrailblazer.anxiety_pulse,Anxiety Tracker - Pulse Mood,Trifoil Trailblazer,4.5,29,4,6281,Health & Fitness,https://play.google.com/store/apps/details?id=com.trifoiltrailblazer.anxiety_pulse&hl=en&gl=us
stop.overthinking.app,CBT for Anxiety & Overthinking,Wideapp,4.56,540,12,13752,Health & Fitness,https://play.google.com/store/apps/details?id=stop.overthinking.app&hl=en&gl=us
com.feartools.feartools,FearTools - Anxiety Aid,Inquiry Health LLC,4.373134,148,14,87516,Medical,https://play.google.com/store/apps/details?id=com.feartools.feartools&hl=en&gl=us
io.calmer.anxiety_panic_attack_relief,Anxiety & Panic Relief: Calmer,Three Investeers,4.35,881,55,48360,Health & Fitness,https://play.google.com/store/apps/details?id=io.calmer.anxiety_panic_attack_relief&hl=en&gl=us
com.calm.android,"Calm - Sleep, Meditate, Relax","Calm.com, Inc.",4.475655,614452,63729,70077594,Health & Fitness,https://play.google.com/store/apps/details?id=com.calm.android&hl=en&gl=us
com.surfcityapps.endanxiety,Anxiety Relief Apps & Hypnosis,Surf City Apps,4.44,1832,340,435789,Lifestyle,https://play.google.com/store/apps/details?id=com.surfcityapps.endanxiety&hl=en&gl=us
com.sunflowersober.grace,Grace: Faith & Sobriety,Sunflower Sober - Quit Tracker,4.8,8,0,776,Health & Fitness,https://play.google.com/store/apps/details?id=com.sunflowersober.grace&hl=en&gl=us
bzn.christian.addiction.recovery,Faitheal -Christian recovery,Verselingo Communications Limited,4.375,86,2,9715,Health & Fitness,https://play.google.com/store/apps/details?id=bzn.christian.addiction.recovery&hl=en&gl=us
com.sobrietyhub.residentapp,Sobriety Hub,Sobriety Hub,3.5666666,30,8,6818,Lifestyle,https://play.google.com/store/apps/details?id=com.sobrietyhub.residentapp&hl=en&gl=us
com.osu.cleanandsobertoolboxandroid,Sober: Sobriety Tracker,Sober App,4.815054,6235,1031,335736,Lifestyle,https://play.google.com/store/apps/details?id=com.osu.cleanandsobertoolboxandroid&hl=en&gl=us
com.aasponsor.ai.chatbot,SoberAI: AI Sobriety Sponsor,Malware Removal,4.65,115,17,3700,Health & Fitness,https://play.google.com/store/apps/details?id=com.aasponsor.ai.chatbot&hl=en&gl=us
com.bigbook3,Everything AA,"A.A. World Services, Inc.",4.909013,28112,3150,877644,Lifestyle,https://play.google.com/store/apps/details?id=com.bigbook3&hl=en&gl=us
com.CleanNSober.co,Clean N Sober,Recovery Lifestyle inc,4.72,122,12,8488,Lifestyle,https://play.google.com/store/apps/details?id=com.CleanNSober.co&hl=en&gl=us
com.applikas.sober,Sober: Quit Habit & Recovery,MADDE22,,,,20,Health & Fitness,https://play.google.com/store/apps/details?id=com.applikas.sober&hl=en&gl=us
com.bertie.app,Bertie - Binge Eating Recovery,bertie app,,,,1990,Health & Fitness,https://play.google.com/store/apps/details?id=com.bertie.app&hl=en&gl=us
com.recoveryrecord,RR Eating Disorder Management,Recovery Record,4.7457047,9336,2117,343249,Health & Fitness,https://play.google.com/store/apps/details?id=com.recoveryrecord&hl=en&gl=us
com.thora.app,Thora: Stop binge eating,Thora App,4.2105265,65,4,5442,Health & Fitness,https://play.google.com/store/apps/details?id=com.thora.app&hl=en&gl=us
com.unbinge.app,Unbinge: Binge Eating Recovery,Unbinge,3.5,28,4,2058,Health & Fitness,https://play.google.com/store/apps/details?id=com.unbinge.app&hl=en&gl=us
com.company.poong,Pomellow - ED recovery friend,Team Pomellow,3.9565217,117,12,40849,Health & Fitness,https://play.google.com/store/apps/details?id=com.company.poong&hl=en&gl=us
com.brighterbite.brighterbite,Brighter Bite - Eating Disorde,Brighter Bite LLC,4.64,484,66,38704,Medical,https://play.google.com/store/apps/details?id=com.brighterbite.brighterbite&hl=en&gl=us
com.vinchaud.rc,R.care - Binge Eating Recovery,R.care,4.428571,25,5,6078,Health & Fitness,https://play.google.com/store/apps/details?id=com.vinchaud.rc&hl=en&gl=us
uk.embrace.munch,Food Diary - Stop Binge Eating,Tristan Clarke Labs,4.285714,28,7,3352,Health & Fitness,https://play.google.com/store/apps/details?id=uk.embrace.munch&hl=en&gl=us
eating.disorder.test.calorie.nutrition.tracker.management.bulimia.support.diary.food.journal,Eating Disorder Tracker,Tracker Diary App,,,,1227,Health & Fitness,https://play.google.com/store/apps/details?id=eating.disorder.test.calorie.nutrition.tracker.management.bulimia.support.diary.food.journal&hl=en&gl=us
com.bingeeating.test,Binge Eating Disorder Test,Inquiry Health LLC,4,36,0,2908,Medical,https://play.google.com/store/apps/details?id=com.bingeeating.test&hl=en&gl=us
com.eatingdisorders.test,Eating Disorder Test,Inquiry Health LLC,3.7540984,182,19,49078,Medical,https://play.google.com/store/apps/details?id=com.eatingdisorders.test&hl=en&gl=us
hexoul.chewing.diet,Chewing Diet: Mindful Eating,Seunggon Kim,4.6,63,6,9077,Health & Fitness,https://play.google.com/store/apps/details?id=hexoul.chewing.diet&hl=en&gl=us
com.shutterbite,Shutterbite: Mindful Eating,Shutterbite LLC,4.439394,189,26,13003,Health & Fitness,https://play.google.com/store/apps/details?id=com.shutterbite&hl=en&gl=us
com.despdev.quitsmoking,Quit Tracker: Stop Smoking,despDev,4.70231,179941,5114,6207979,Health & Fitness,https://play.google.com/store/apps/details?id=com.despdev.quitsmoking&hl=en&gl=us
com.portablepixels.smokefree,Smoke Free - quit smoking now,David Crane PhD,4.6666665,60114,6480,3369425,Health & Fitness,https://play.google.com/store/apps/details?id=com.portablepixels.smokefree&hl=en&gl=us
smokefree.daycounter.quitsmoking,Stop Smoking - Day Counter,TheLifeApps,4.65,1612,137,109280,Health & Fitness,https://play.google.com/store/apps/details?id=smokefree.daycounter.quitsmoking&hl=en&gl=us
net.offlinefirst.flamy,"Quit Smoking, Smoke-free Flamy",Offlinefirst LTD,4.4752474,19349,349,1329084,Health & Fitness,https://play.google.com/store/apps/details?id=net.offlinefirst.flamy&hl=en&gl=us
org.instaquit.app,QuitSure: Quit Smoking Smartly,QuitSure,4.281046,12072,948,2210683,Health & Fitness,https://play.google.com/store/apps/details?id=org.instaquit.app&hl=en&gl=us
com.EAGINsoftware.dejaloYa,QuitNow: Quit smoking for good,Fewlaps,4.453925,68699,2181,5064697,Health & Fitness,https://play.google.com/store/apps/details?id=com.EAGINsoftware.dejaloYa&hl=en&gl=us
com.trifoiltrailblazer.freedom_from_smoke,Smoke Tracker: Quit Smoking,Trifoil Trailblazer,4.3333335,44,7,7811,Health & Fitness,https://play.google.com/store/apps/details?id=com.trifoiltrailblazer.freedom_from_smoke&hl=en&gl=us
fr.kwit.android,Kwit - Quit smoking for good!,Kwit SAS,4.21,19187,93,1705286,Health & Fitness,https://play.google.com/store/apps/details?id=fr.kwit.android&hl=en&gl=us
com.nusrApp.nusrApp.Sigarametre,Cigarette Counter and Tracker,Cattus,4.6039605,2557,85,229490,Health & Fitness,https://play.google.com/store/apps/details?id=com.nusrApp.nusrApp.Sigarametre&hl=en&gl=us
com.syedshahbazhussain.quitsmokingtracker,Quit Smoking Tracker,Syed Shahbaz Hussain,,,,27,Health & Fitness,https://play.google.com/store/apps/details?id=com.syedshahbazhussain.quitsmokingtracker&hl=en&gl=us
app.puffcounter.free.kwit.flamy.ecigtracker.quitvaping.smokefree.quitnow,Puff Counter - Quit Smoking,Quit Vaping Addiction,4.0588236,66,7,11145,Medical,https://play.google.com/store/apps/details?id=app.puffcounter.free.kwit.flamy.ecigtracker.quitvaping.smokefree.quitnow&hl=en&gl=us
net.offlinefirst.smoxy,Quit smoking cigarette - Smoxy,Offlinefirst LTD,3.9272728,897,21,210697,Health & Fitness,https://play.google.com/store/apps/details?id=net.offlinefirst.smoxy&hl=en&gl=us
stopSmokingDemo.team.geny,Qwit – Quit Smoking App,Norulab,4.56,11218,502,714778,Health & Fitness,https://play.google.com/store/apps/details?id=stopSmokingDemo.team.geny&hl=en&gl=us
com.theprojectfactory.quitbuddy,My QuitBuddy,Department of Health and Aged Care,4.65,2965,91,456284,Health & Fitness,https://play.google.com/store/apps/details?id=com.theprojectfactory.quitbuddy&hl=en&gl=us
com.franciscogaribay.quitsmokingalive,Quit Smoking Gradually: Alive,Francisco Garibay,4.42,1159,68,48214,Health & Fitness,https://play.google.com/store/apps/details?id=com.franciscogaribay.quitsmokingalive&hl=en&gl=us
com.burockgames.timeclocker,StayFree - Screen Time,ST Pulse,4.5569468,275343,5141,19877290,Productivity,https://play.google.com/store/apps/details?id=com.burockgames.timeclocker&hl=en&gl=us
com.mindefy.phoneaddiction.mobilepe,YourHour : Screen Time Control,Mindefy Labs,4.2217574,77025,1034,4492387,Productivity,https://play.google.com/store/apps/details?id=com.mindefy.phoneaddiction.mobilepe&hl=en&gl=us
com.screenzen,ScreenZen・Screen Time Control,screenzen,4.7254176,31285,1425,1143648,Productivity,https://play.google.com/store/apps/details?id=com.screenzen&hl=en&gl=us
phosphorus.app.usage.screen.time,Screen Time & Limits: Digitox,Digitox,4.43,13393,139,1293679,Productivity,https://play.google.com/store/apps/details?id=phosphorus.app.usage.screen.time&hl=en&gl=us
com.withopal.opal,Opal Screen Time Limit & Timer,Opal: The Focus Company,4.490196,7915,203,723958,Productivity,https://play.google.com/store/apps/details?id=com.withopal.opal&hl=en&gl=us
com.actiondash.playstore,ActionDash: Screen Time Helper,ST Pulse,4.3028955,68904,1299,6197390,Productivity,https://play.google.com/store/apps/details?id=com.actiondash.playstore&hl=en&gl=us
com.qqlabs.minimalistlauncher,minimalist phone® Screen Time,Focus Experts,4.6525955,50349,5364,8330506,Productivity,https://play.google.com/store/apps/details?id=com.qqlabs.minimalistlauncher&hl=en&gl=us
com.ascent,Ascent: screen time & offtime,Screen Time & Focus apps developers — AscentTeam,4.54,7923,222,592329,Productivity,https://play.google.com/store/apps/details?id=com.ascent&hl=en&gl=us
com.screentime.rc,Screen Time - Parental Control,Parental Control App by Screen Time Labs,3.0328798,49363,9354,4659277,Parenting,https://play.google.com/store/apps/details?id=com.screentime.rc&hl=en&gl=us
com.screen.time.tracker.parental.control,Screen time control App Usage,Vidpal Apps Studio,,,,244543,Productivity,https://play.google.com/store/apps/details?id=com.screen.time.tracker.parental.control&hl=en&gl=us
com.unrotapp.screencontrol,Untap: Screen Time Control,@Untap,4.352941,569,3,35497,Productivity,https://play.google.com/store/apps/details?id=com.unrotapp.screencontrol&hl=en&gl=us
com.hypenet.focused,blockit | stop phone addiction,Sgnoogle,4.42,22634,80,504704,Productivity,https://play.google.com/store/apps/details?id=com.hypenet.focused&hl=en&gl=us
de.markusfisch.android.screentime,Screen Time,Markus Fisch,4.3157897,227,15,51367,Tools,https://play.google.com/store/apps/details?id=de.markusfisch.android.screentime&hl=en&gl=us
tech.miidii.offscreen_android,OffScreen - Less Screen Time,Miidii Tech,3.173913,620,27,330605,Health & Fitness,https://play.google.com/store/apps/details?id=tech.miidii.offscreen_android&hl=en&gl=us
org.limitly.app,Limitly: Screen Time Tracker,Mikael tenshio,,,,371,Productivity,https://play.google.com/store/apps/details?id=org.limitly.app&hl=en&gl=us
